location,type,name,price,totalPrice,quantityPerPack,originalPrice,salePrice,profit,instock,message
makro,ขนม,Ahh * 12,5,48,12,4,4.6,1,19,
makro,ยา,air x,15,1,1,1,1.15,14,0,ไม่รู้ต้นทุน
makro,ขนม,alfie ช็อคโกแล็ต * 12,5,48,12,4,4.6,1,12,
makro,ขนม,alfie สตรอเบอร์รี่ * 12,5,48,12,4,4.6,1,10,
online,อื่นๆ,ATK,50,45,1,45,51.75,5,0,
makro,แช่เย็น/ฟรีส,BKP แฟรงค์ไก่รมควันหนังกรอบ 500g,85,69,1,69,79.35,16,-3,
makro,ขนม,Cereal Cop * 3,20,50,3,16.66666667,19.16666667,3.333333333,3,8-Mar
makro,ขนม,collon รสนม * 10,15,125,10,12.5,14.375,2.5,8,
makro,ขนม,collon รสสตรอเบอร์รี่ * 10,15,125,10,12.5,14.375,2.5,10,
makro,ของใช้ส่วนตัว,comfort 500/580ml * 3,18,39,3,13,14.95,5,-13,
makro,ยา,de colgen,15,1,1,1,1.15,14,-1,ไม่รู้ต้นทุน
makro,เครื่องดื่ม,double c,15,115,10,11.5,13.225,3.5,8,8-Feb
makro,ของใช้ส่วนตัว,downy 110ml * 6+1 ญ 20บ,20,98,6,16.33333333,18.78333333,3.666666667,16,
makro,ของใช้ส่วนตัว,downy 25ml * 24 ล 5บ,5,24,6,4,4.6,1,-1,
makro,ขนม,Entree BBQ* 6,20,96,6,16,18.4,4,6,26-Mar
makro,ขนม,Entree คลาสสิก * 6,20,96,6,16,18.4,4,0,
makro,ขนม,Entree รสหมูย่างโคชูจัง * 6,20,96,6,16,18.4,4,1,
makro,ขนม,FF มะเขือเทศ,5,1,1,1,1.15,4,1,ไม่รูู้ต้นทุน
makro,เครื่องดื่ม,Hi เลม่อน 200%,15,192,60,3.2,3.68,11.8,20,8-Feb
makro,เครื่องดื่ม,Hi ส้ม 200%,15,192,60,3.2,3.68,11.8,10,8-Feb
makro,ของใช้ส่วนตัว,hygiene 20ml * 24 ล 5บ,5,55,24,2.291666667,2.635416667,2.708333333,9,-4
makro,ของใช้ส่วนตัว,hygiene 600ml * 3 ญ,18,43,3,14.33333333,16.48333333,3.666666667,9,8-Mar
makro,เครื่องดื่ม,kopiko ลัคกี้เดย์ กาแฟขวด 180ml * 24,12,240,24,10,11.5,2,18,8-Feb
makro,ขนม,M&K ช็อกโกแล็ต * 12,5,49,12,4.083333333,4.695833333,0.916666667,12,
makro,ขนม,M&K นม * 12,5,49,12,4.083333333,4.695833333,0.916666667,10,
makro,เครื่องดื่ม,m100/m150 150ml * 50,12,520,50,10.4,11.96,1.6,50,8-Mar
makro,ขนม,mentos 37g * 12,10,96,12,8,9.2,2,12,12-Feb
makro,เครื่องดื่ม,moccona กาแฟซอง เขียว 18g * 60/100,5,192,60,3.2,3.68,1.8,0,ไม่รูู้ต้นทุน
makro,เครื่องดื่ม,moccona กาแฟซอง แดง 18g * 60/100,5,192,60,3.2,3.68,1.8,0,ไม่รูู้ต้นทุน
makro,เครื่องดื่ม,puriku ม่วง,15,1,1,1,1.15,14,0,8-Feb
makro,ของใช้ส่วนตัว,Ranger scout 300ml * 3,50,125,3,41.66666667,47.91666667,8.333333333,0,
makro,ของใช้ส่วนตัว,Scotchbrite * 3+1,20,65,4,16.25,18.6875,3.75,3,
makro,ขนม,snackjack 30/32g * 6,10,48,6,8,9.2,2,-1,
makro,ขนม,snackjack 70/65 * 4,20,67,4,16.75,19.2625,3.25,4,
makro,ขนม,snackjack โนริ วาซาบิ 65g * 4,20,67,4,16.75,19.2625,3.25,4,12-Feb
makro,ขนม,snackjack กุ้งพริกเกลือ 65g * 4,20,67,4,16.75,19.2625,3.25,4,12-Feb
makro,ขนม,snackjack สเต็กไก่ 65g * 4,20,74,4,18.5,21.275,1.5,4,12-Feb
makro,ขนม,snackjack หอยเชล 65g * 4,20,74,4,18.5,21.275,1.5,4,12-Feb
makro,เครื่องดื่ม,sponsor 250ml * 24,12,237,24,9.875,11.35625,2.125,49,8-Feb
ร้านขายส่ง,เครื่องดื่ม,spy,35,109,4,27.25,31.3375,7.75,8,8-Feb
makro,ขนม,Toro ชมพู 80g * 4,20,70.5,4,17.625,20.26875,2.375,1,
makro,ขนม,yoyo * 12,5,50,12,4.166666667,4.791666667,0.833333333,5,
ร้านขายส่ง,เครื่องปรุง,เกลือ,5,1,1,1,1.15,4,0,ไม่รู้ต้นทุน
ตลาดแก่งคอย,กับข้าวสด,เกี๊ยวกล่องเล็ก,25,20,1,20,23,5,0,
ตลาดแก่งคอย,กับข้าวสด,เกี๊ยวกล่องใหญ่,35,30,1,30,34.5,5,-1,
makro,ของใช้ส่วนตัว,เคลียร์เมนแชมพู 400/425ml 1+1,120,205,2,102.5,117.875,17.5,6,12-Feb
makro,ของใช้ส่วนตัว,เคลียร์เมนแชมพู 60/65ml * 6,25,119,6,19.83333333,22.80833333,5.166666667,6,8-Mar
makro,เครื่องดื่ม,เจเล่ไลท์ รสลิ้นจี่ * 6,5,24,6,4,4.6,1,24,12-Feb
makro,ขนม,เจเล่บิวตี้ รสblackcurrant * 6,10,48,6,8,9.2,2,0,
makro,ขนม,เจเล่บิวตี้ รสแอปเปิ้ล * 6,10,48,6,8,9.2,2,0,
makro,ขนม,เจเล่บิวตี้ รสลิ้นจี่ * 6,10,48,6,8,9.2,2,12,26-Mar
makro,ขนม,เจเล่บิวตี้ รสสตอร์เบอร์รี่ * 6,10,48,6,8,9.2,2,0,
makro,ขนม,เจ้าสั่ว ข้างตังหน้าหมูหยอง * 6,20,99,6,16.5,18.975,3.5,6,8-Mar
makro,ขนม,เจ้าสั่ว หมูแท่ง * 6,20,99,6,16.5,18.975,3.5,12,8-Mar
ตลาดแก่งคอย,กับข้าวสด,เฉาก๊วย,25,20,1,20,23,5,-2,
ตลาดแก่งคอย,กับข้าวสด,เฉาก๊วย ล,12,10,1,10,11.5,2,0,
makro,ของใช้ส่วนตัว,เชนไดร์ทม่วงลาเวนเดอร์ 300ml * 3,55,148,3,49.33333333,56.73333333,5.666666667,0,
makro,ขนม,เซี่ยงไฮ้เวเฟอร์ * 24,2,41,24,1.708333333,1.964583333,0.291666667,24,
makro,ขนม,เซี่ยงไฮ้เวเฟอร์ ช็อกโกแล็ต 12/15ช * 6,15,74,6,12.33333333,14.18333333,2.666666667,6,8-Mar
makro,ขนม,เซี่ยงไฮ้เวเฟอร์ นม 12/15ช * 6,15,74,6,12.33333333,14.18333333,2.666666667,6,8-Mar
makro,ขนม,เซี่ยงไฮ้เวเฟอร์ วานิลลา 12/15ช * 6,15,74,6,12.33333333,14.18333333,2.666666667,6,8-Mar
makro,ขนม,เซี่ยงไฮ้เวเฟอร์ สตอร์เบอร์รี่ 12/15ช * 6,15,74,6,12.33333333,14.18333333,2.666666667,6,8-Mar
makro,แช่เย็น/ฟรีส,เต้าหู้ไข่ไก่ ตราแม่บ้าน 105g*10,11,92,10,9.2,10.58,1.8,2,
ตลาดแก่งคอย,กับข้าวสด,เต้าฮวยนมสด,10,8,1,8,9.2,2,0,18-Feb
makro,ขนม,เถ้าแก่น้อย ต้มยำกุ้ง 3.5g * 12,5,48.5,12,4.041666667,4.647916667,0.958333333,12,12-Feb
makro,ขนม,เถ้าแก่น้อย บิํ๊กชีท 3.5g * 12,5,48.5,12,4.041666667,4.647916667,0.958333333,12,12-Feb
makro,ขนม,เทสโต้ 42/46g * 6,20,97,6,16.16666667,18.59166667,3.833333333,0,
makro,ขนม,เทสโต้ รสปลา 3 รส 42g/46g * 6,20,96,6,16,18.4,4,0,
makro,ขนม,เทสโต้ รสสาหร่ายญี่ปุ่น 42g/46g * 6,20,96,6,16,18.4,4,0,
makro,เครื่องดื่ม,เนส กาแฟกระป๋อง black roast * 30,15,395,30,13.16666667,15.14166667,1.833333333,30,8-Mar
makro,เครื่องดื่ม,เนส กาแฟกระป๋อง เอสเปรสโซ เขียว * 30,16,410,30,13.66666667,15.71666667,2.333333333,60,26-Mar
makro,เครื่องดื่ม,เนส กาแฟกระป๋อง แบล็ก ไอซ์ * 30,15,395,30,13.16666667,15.14166667,1.833333333,30,19-Mar
makro,เครื่องดื่ม,เนส กาแฟกระป๋อง โรบัสต้า แดง * 30,15,365,30,12.16666667,13.99166667,2.833333333,54,12-Feb
makro,เครื่องดื่ม,เนส กาแฟกระป๋อง ลาเต้ * 30,15,395,30,13.16666667,15.14166667,1.833333333,30,26-Mar
makro,เครื่องดื่ม,เนส กาแฟซอง 26.5g * 30,10,193,30,6.433333333,7.398333333,3.566666667,0,
makro,เครื่องดื่ม,เนส กาแฟซอง เขียว 17g * 60,5,192,60,3.2,3.68,1.8,-6,
makro,เครื่องดื่ม,เนส กาแฟซอง แดง 17g * 60,5,192,60,3.2,3.68,1.8,0,
makro,ขนม,เบง เบง * 24,5,92,24,3.833333333,4.408333333,1.166666667,24,
makro,ขนม,เบนโตะ long 10g * 6,10,48,6,8,9.2,2,12,26-Mar
makro,ขนม,เบนโตะ long ซอสซี้ด 3 รส 10g * 6,10,49.5,6,8.25,9.4875,1.75,6,12-Feb
makro,ขนม,เบนโตะ long ซีอิ๊ว 15g * 6,10,49.5,6,8.25,9.4875,1.75,6,26-Mar
makro,ขนม,เบนโตะ ปรุงรส 5g * 12,5,49.5,12,4.125,4.74375,0.875,6,12-Feb
makro,ขนม,เบนโตะ ฟิชโช่ ยาว,10,49.5,6,8.25,9.4875,1.75,0,-4 ไม่รู้ต้นทุน
makro,เครื่องดื่ม,เบอร์ดี้ กาแฟกระป๋อง black 180ml * 6,15,83,6,13.83333333,15.90833333,1.166666667,6,8-Mar
makro,เครื่องดื่ม,เบอร์ดี้ กาแฟกระป๋อง Max Roast 180ml * 6,15,83,6,13.83333333,15.90833333,1.166666667,12,8-Mar
makro,เครื่องดื่ม,เบอร์ดี้ กาแฟกระป๋อง เขียว 180ml * 30,15,360,30,12,13.8,3,0,8-Feb
makro,เครื่องดื่ม,เบอร์ดี้ กาแฟกระป๋อง โรบัสต้า แดง 180ml * 30,15,360,30,12,13.8,3,94,8-Feb
makro,ของใช้ส่วนตัว,เป็ด โปร 300ml * 6,27,143,6,23.83333333,27.40833333,3.166666667,0,
makro,เครื่องดื่ม,เป๊ปซี่ 1l * 12,25,269,12,22.41666667,25.77916667,2.583333333,72,29-Apr
makro,เครื่องดื่ม,เป๊ปซี่ 300ml * 24,13,244,24,10.16666667,11.69166667,2.833333333,48,26-Mar
ตลาดแก่งคอย,กับข้าวสด,เปียกปูน,12,10,1,10,11.5,2,0,-2
ตลาดแก่งคอย,กับข้าวสด,เปียกปูน ญ,20,18,1,18,20.7,2,0,-2
makro,เครื่องดื่ม,เพียวริคุ เก๊กฮวย 350ml * 6,10,57,6,9.5,10.925,0.5,0,-3
makro,เครื่องดื่ม,เพียวริคุ ทับทิม 350ml * 6,10,57,6,9.5,10.925,0.5,12,8-Mar
makro,เครื่องดื่ม,เพียวริคุ ลิ้นจี่ 350ml * 6,10,57,6,9.5,10.925,0.5,6,8-Mar
makro,ขนม,เมล็ดฟักทอง 25g * 5,20,84,5,16.8,19.32,3.2,15,26-Mar
makro,เครื่องดื่ม,เย็น เย็น เก๊กฮวย * 24,10,195,24,8.125,9.34375,1.875,24,12-Feb
makro,เครื่องดื่ม,เย็น เย็น กระเจี๊ยบ แดง * 24,10,195,24,8.125,9.34375,1.875,0,
makro,เครื่องดื่ม,เย็น เย็น บ๊วย * 24,10,195,24,8.125,9.34375,1.875,24,12-Feb
makro,ขนม,เลย์ 10บ,10,1,1,1,1.15,9,0,ไม่รู้ต้นทุน
makro,ขนม,เลย์ 20บ,20,1,1,1,1.15,19,0,ไม่รู้ต้นทุน
makro,ขนม,เลย์ กุ้งเผาน้ำจิ้มซีฟู้ด 40/42g * 6,20,103,6,17.16666667,19.74166667,2.833333333,0,
makro,ขนม,เลย์ ร็อค ญ เอ็กซ์ตร้าบาร์บีคิว * 6,20,106,6,17.66666667,20.31666667,2.333333333,0,
ร้านขายส่ง,แช่เย็น/ฟรีส,เห็ดเข็มทอง,16,13,1,13,14.95,3,9,2-Mar
makro,แช่เย็น/ฟรีส,เห็ดเข็มทอง ญ,25,20,1,20,23,5,1,-3
ร้านขายส่ง,แช่เย็น/ฟรีส,เห็ดกลม,16,12,1,12,13.8,4,9,2-Mar
ตลาดแก่งคอย,กับข้าวสด,เอแคร์,12,10,1,10,11.5,2,0,-2
makro,ขนม,เอลเซ่,3,1,1,1,1.15,2,-3,ไม่รู้ต้นทุน
makro,เครื่องดื่ม,เอส เขียว ครีมโซดา 360ml * 12,10,112,12,9.333333333,10.73333333,0.666666667,12,8-Mar
makro,เครื่องดื่ม,เอส เลม่อนไลม์ เขียว 360ml * 12,10,112,12,9.333333333,10.73333333,0.666666667,12,26-Mar
makro,เครื่องดื่ม,เอส ขวด * 24,10,205,24,8.541666667,9.822916667,1.458333333,0,8-Mar
makro,เครื่องดื่ม,เอส ขวดแก้ว,10,205,24,8.541666667,9.822916667,1.458333333,72,26-Mar
makro,เครื่องดื่ม,เอส ขาว ลิ้นจี่ 360ml * 12,10,112,12,9.333333333,10.73333333,0.666666667,12,26-Mar
makro,เครื่องดื่ม,เอส ฟ้า กามิกาเซ่ 360ml * 12,10,112,12,9.333333333,10.73333333,0.666666667,12,26-Mar
makro,เครื่องดื่ม,เอส สตรอเบอร์รี่ 360ml * 12,10,109,12,9.083333333,10.44583333,0.916666667,4,8-Feb
makro,เครื่องดื่ม,เอส ส้ม 360ml * 12,10,112,12,9.333333333,10.73333333,0.666666667,12,26-Mar
ตลาดแก่งคอย,กับข้าวสด,แกง,25,20,1,20,23,5,-2,
ร้านขายส่ง,ขนม,แคปหมู,10,120,12,10,11.5,0,0,ไม่รู้ต้นทุน
makro,ขนม,แคมปัส * 12,5,47,12,3.916666667,4.504166667,1.083333333,0,
ตลาดแก่งคอย,กับข้าวสด,แครอทต้ม,10,8,1,8,9.2,2,0,12-Feb
makro,ขนม,แคลชีส * 12,5,50,12,4.166666667,4.791666667,0.833333333,22,
ตลาดแก่งคอย,กับข้าวสด,แจ๋ว,12,10,1,10,11.5,2,0,
makro,ของใช้ส่วนตัว,แชมพู rejoice 70ml * 6,20,94,6,15.66666667,18.01666667,4.333333333,6,8-Mar
makro,ของใช้ส่วนตัว,แชมพู ซันซิล 60/70ml * 6,20,92,6,15.33333333,17.63333333,4.666666667,6,8-Mar
ตลาดแก่งคอย,กับข้าวสด,แซนวิช,12,10,1,10,11.5,2,0,
ตลาดแก่งคอย,กับข้าวสด,แตงกวา 5 โล,10,8,1,8,9.2,2,0,-3
makro,ของใช้ส่วนตัว,แป้ง protex 50g,14,1,1,1,1.15,13,11,
makro,ของใช้ส่วนตัว,แป้งเด็ก johnson 180g * 6,29,171,6,28.5,32.775,0.5,1,
makro,ของใช้ส่วนตัว,แป้งเด็ก johnson 65g * 12,13,117,12,9.75,11.2125,3.25,9,
makro,ของใช้ส่วนตัว,แป้งเย็น protex fresh 140g * 6,35,167,6,27.83333333,32.00833333,7.166666667,2,
makro,ของใช้ส่วนตัว,แป้งเย็น protex ชาร์โคล 140g * 6,35,167,6,27.83333333,32.00833333,7.166666667,6,12-Feb
makro,ของใช้ส่วนตัว,แป้งเย็น protex ลาเวนเดอ 140g * 6,35,167,6,27.83333333,32.00833333,7.166666667,6,12-Feb
makro,ของใช้ส่วนตัว,แป้งเย็นตรางู 140/150g * 3,35,89,3,29.66666667,34.11666667,5.333333333,1,
makro,ของใช้ส่วนตัว,แป้งเย็นตรางู 420g * 2,80,142,2,71,81.65,9,1,-3
makro,ของใช้ส่วนตัว,แป้งโยคี 100g * 6,20,87,6,14.5,16.675,5.5,1,
makro,ของใช้ส่วนตัว,แป้งโยคี 60g * 6,15,63,6,10.5,12.075,4.5,7,
makro,ของใช้ส่วนตัว,แปรงสีฟัน 15บ,15,1,1,1,1.15,14,6,ไม่รู้ต้นทุน
makro,ของใช้ส่วนตัว,แปรงสีฟัน 20บ,20,1,1,1,1.15,19,6,ไม่รู้ต้นทุน
makro,ของใช้ส่วนตัว,แปรงสีฟัน Chigour * 12,10,54,12,4.5,5.175,5.5,12,8-Mar
makro,ของใช้ส่วนตัว,แปรงสีฟัน colgate กัมคลีน * 6,25,120,6,20,23,5,6,8-Mar
makro,ของใช้ส่วนตัว,แปรงสีฟัน คอลเกต * 12,15,114,12,9.5,10.925,5.5,12,12-Feb
makro,เครื่องดื่ม,แฟนต้า เขียว 330ml * 12,13,137,12,11.41666667,13.12916667,1.583333333,12,19-Mar
makro,เครื่องดื่ม,แฟนต้า แดง 330ml * 12,13,137,12,11.41666667,13.12916667,1.583333333,24,26-Mar
makro,เครื่องดื่ม,แฟนต้า ส้ม 330ml * 12,13,137,12,11.41666667,13.12916667,1.583333333,49,12-Feb
makro,เครื่องดื่ม,แฟนต้า องุ่น 330ml * 12,13,137,12,11.41666667,13.12916667,1.583333333,12,8-Mar
online,ขนม,แมส * 10,12,40,5,8,9.2,4,-4,
makro,เครื่องดื่ม,แลคตาซอย รสหวาน 300ml * 36,11,348,36,9.666666667,11.11666667,1.333333333,72,26-Mar
ร้านขายส่ง,แช่เย็น/ฟรีส,แหนม แท่ง/ก้อน,30,21.5,1,21.5,24.725,8.5,50,ไม่รู้ต้นทุน
ตลาดแก่งคอย,กับข้าวสด,แหนมทอด,25,20,1,20,23,5,0,
makro,ของใช้ส่วนตัว,แอทเทค อีซี่ 110/120g * 12,10,79,12,6.583333333,7.570833333,3.416666667,24,26-Mar
makro,ของใช้ส่วนตัว,แอทเทค อีซี่ 60g 5บ * 12,5,45,12,3.75,4.3125,1.25,2,
makro,ของใช้ส่วนตัว,แอทแทค 3D 90g * 12,10,89,12,7.416666667,8.529166667,2.583333333,0,
makro,ของใช้ส่วนตัว,แอทแทค อีซี่ขาว 20บ. * 3,20,48,3,16,18.4,4,3,
makro,ของใช้ส่วนตัว,แอทแทค อีซี่ชมพู 20บ. * 3,20,48,3,16,18.4,4,3,
makro,ของใช้ส่วนตัว,แอทแทค อีซี่ม่วง 20บ. * 3,20,48,3,16,18.4,4,5,
makro,เครื่องปรุง,โกกิ 150g * 12,16,166,12,13.83333333,15.90833333,2.166666667,0,
makro,ขนม,โคโคริ รสโกโก้ * 12+1,5,49,12,4.083333333,4.695833333,0.916666667,11,
makro,ขนม,โคโคริ รสชีส * 12+1,5,49,12,4.083333333,4.695833333,0.916666667,8,
makro,ขนม,โคโคริ รสบัตเตอร์มิลค์ * 12+1,5,49,12,4.083333333,4.695833333,0.916666667,9,
makro,เครื่องดื่ม,โค้ก 295ml * 24,13,244,24,10.16666667,11.69166667,2.833333333,24,8-Mar
ตลาดแก่งคอย,กับข้าวสด,โจ๊ก,35,30,1,30,34.5,5,0,-4
makro,มาม่า/โจ๊ก/กระป๋อง,โจ๊กคัพ คนอร์ * 6,20,103,6,17.16666667,19.74166667,2.833333333,23,
makro,มาม่า/โจ๊ก/กระป๋อง,โจ๊กคัพ มาม่า ชมพู * 6,15,75,6,12.5,14.375,2.5,6,
ร้านขายส่ง,เครื่องดื่ม,โชกุน * 6,5,25,6,4.166666667,4.791666667,0.833333333,0,8-Feb
makro,ของใช้ส่วนตัว,โซฟี กลางคืน 29cm 4ช * 12,16,125,12,10.41666667,11.97916667,5.583333333,7,
makro,ของใช้ส่วนตัว,โซฟี ปีก กลางวัน 22cm * 4,16,1,1,1,1.15,15,11,ไม่รู้ต้นทุน
makro,ขนม,โดโซะ ข้าวหอมอบกรอบ 56g * 6,20,99,6,16.5,18.975,3.5,0,
makro,ขนม,โดโซะ รสคอร์นชีส 56g * 6,20,99,6,16.5,18.975,3.5,-1,
makro,ขนม,โดโซะ รสซอสเซจจิ 56g * 6,20,99,6,16.5,18.975,3.5,0,
ตลาดแก่งคอย,กับข้าวสด,โดนัทเปีย,12,10,1,10,11.5,2,-6,
ตลาดแก่งคอย,กับข้าวสด,โดนัทก้อน,5,4,1,4,4.6,1,0,-3
makro,ของใช้ส่วนตัว,โดฟ แชมพู 60/70ml * 6,20,89,6,14.83333333,17.05833333,5.166666667,6,8-Mar
makro,ของใช้ส่วนตัว,โนคา ชอล์กกันมด * 20,10,148,20,7.4,8.51,2.6,-1,
ร้านขายส่ง,ขนม,โนริ สาหร่ายม้วน,10,1,1,1,1.15,9,0,-2
makro,แช่เย็น/ฟรีส,โบโลน่า CP 150g * 3,38,93,3,31,35.65,7,3,
makro,แช่เย็น/ฟรีส,โบโลน่าพริก CP 150g * 3,38,93,3,31,35.65,7,0,
makro,แช่เย็น/ฟรีส,โบโลน่าพืช ชีโร่มีท 90g * 3,35,89,3,29.66666667,34.11666667,5.333333333,0,
makro,ขนม,โปเต้ 32/27g * 6,10,51,6,8.5,9.775,1.5,-1,
makro,ขนม,โปเต้ 65g * 3,20,51,3,17,19.55,3,-1,
makro,มาม่า/โจ๊ก/กระป๋อง,โรซ่า พร้อม ห่อหมกทูน่า 105g * 6,22,115,6,19.16666667,22.04166667,2.833333333,-1,
makro,ขนม,โลซาน โกโก้ * 12,6,49.5,12,4.125,4.74375,1.875,12,
makro,ขนม,โลซาน นม * 12,6,49.5,12,4.125,4.74375,1.875,12,
makro,ขนม,โลซาน มะพร้าว ใบเตย * 12,6,47,12,3.916666667,4.504166667,2.083333333,8,
makro,เครื่องดื่ม,โสม 100ml * 50,10,395,50,7.9,9.085,2.1,71,8-Feb
makro,ขนม,โอโจ้ รสนม,6,29,6,4.833333333,5.558333333,1.166666667,0,
makro,ขนม,โอโตริ รสนม 12g * 12,5,48,12,4,4.6,1,12,8-Mar
makro,ขนม,โอริโอ้ 28.5/27.6g * 12,6,49,12,4.083333333,4.695833333,1.916666667,7,26-Mar
makro,ขนม,โอริโอ้ black pink * 9,6,49,9,5.444444444,6.261111111,0.555555556,12,26-Mar
makro,ขนม,โอริโอ้ รส สตอร์เบอร์รี่,6,56,12,4.666666667,5.366666667,1.333333333,4,
makro,ขนม,โอริโอ้ยาว black pink 137g * 2,30,51.5,2,25.75,29.6125,4.25,-1,
makro,เครื่องดื่ม,โออิชิ แตงโม,15,195,24,8.125,9.34375,6.875,14,8-Feb
ตลาดแก่งคอย,กับข้าวสด,ไก่เสียบไม้ 10,10,8,1,8,9.2,2,0,
ตลาดแก่งคอย,กับข้าวสด,ไก่เสียบไม้ 40,40,35,1,35,40.25,5,-8,
ตลาดแก่งคอย,กับข้าวสด,ไก่ทอด,25,20,1,20,23,5,-5,
ตลาดแก่งคอย,กับข้าวสด,ไก่ทอด ญ,35,25,1,25,28.75,10,0,2-Mar
ร้านขายส่ง,ข้าว/ไข่,ไข่เค็ม ขาว,8,1,1,1,1.15,7,20,ไม่รู้ต้นทุน
ร้านขายส่ง,ข้าว/ไข่,ไข่เยี่ยวม้า ชมพู,8,1,1,1,1.15,7,-1,ไม่รู้ต้นทุน
ร้านขายส่ง,ข้าว/ไข่,ไข่ไก่,5,99,30,3.3,3.795,1.7,180,2-Mar
ตลาดแก่งคอย,กับข้าวสด,ไข่ต้ม,25,20,1,20,23,5,0,-3
ตลาดแก่งคอย,กับข้าวสด,ไข่นกกะทา,25,20,1,20,23,5,-1,-2
ตลาดแก่งคอย,กับข้าวสด,ไข่ลูกเขย,25,20,1,20,23,5,0,
makro,กับข้าวสด,ไข่หงศ์,12,10,1,10,11.5,2,0,-2
makro,ของใช้ส่วนตัว,ไฟแช็ค ARO,8,203,50,4.06,4.669,3.94,0,
makro,ของใช้ส่วนตัว,ไฟแช็ค Taiyo * 50,8,252,50,5.04,5.796,2.96,44,
makro,มาม่า/โจ๊ก/กระป๋อง,ไวไวแห้ง แพ็ค * 12,15,150,12,12.5,14.375,2.5,0,
makro,มาม่า/โจ๊ก/กระป๋อง,ไวไวคัพ ต้มโคล้ง * 6,15,71,6,11.83333333,13.60833333,3.166666667,8,
makro,มาม่า/โจ๊ก/กระป๋อง,ไวไวซอง * 30,7,170,30,5.666666667,6.516666667,1.333333333,30,12-Feb
makro,มาม่า/โจ๊ก/กระป๋อง,ไวไวซอง ต้มโคล้ง * 30,7,170,30,5.666666667,6.516666667,1.333333333,35,
makro,เครื่องดื่ม,ไวตามิ้ลค์ vitamilk double black * 24,15,330,24,13.75,15.8125,1.25,24,26-Mar
makro,เครื่องดื่ม,ไวตามิ้ลค์ vitamilk thai tea ขวด 300ml * 12,18,186,12,15.5,17.825,2.5,12,26-Mar
makro,เครื่องดื่ม,ไวตามิ้ลค์ vitamilk ขวด 300ml * 24,15,330,24,13.75,15.8125,1.25,58,8-Feb
makro,แช่เย็น/ฟรีส,ไส้กรอกแฟรงเฟริตไก่ 155g * 3,38,105,3,35,40.25,3,0,
makro,แช่เย็น/ฟรีส,ไส้กรอกไก่หนังกรอบ SUPER CHEF 500g,91,79,1,79,90.85,12,0,
makro,แช่เย็น/ฟรีส,ไส้กรอกระเบิด SPC 500g,65,55,1,55,63.25,10,0,
ตลาดแก่งคอย,กับข้าวสด,ไส้กรอกอีสาน,25,20,1,20,23,5,0,-2
ร้านขายส่ง,เครื่องปรุง,กระเทียม,10,390,50,7.8,8.97,2.2,-2,ไม่รู้ต้นทุน
ตลาดแก่งคอย,กับข้าวสด,กระเพาะปลา,35,30,1,30,34.5,5,0,
ร้านขายส่ง,ของใช้ส่วนตัว,กระดาษ,2,0,1,0,0,2,0,-3
ตลาดแก่งคอย,กับข้าวสด,กระดูกหมู,25,20,1,20,23,5,-2,
makro,เครื่องดื่ม,กระทิงแดง 100ml * 50,10,424,50,8.48,9.752,1.52,50,8-Mar
makro,เครื่องดื่ม,กระทิงแดง extra abc 145ml * 10,10,85,10,8.5,9.775,1.5,2,8-Feb
ตลาดแก่งคอย,กับข้าวสด,กล้วยแขกถุง,25,20,1,20,23,5,0,-4
ตลาดแก่งคอย,กับข้าวสด,กล้วยแบน,6,5,1,5,5.75,1,0,
ตลาดแก่งคอย,กับข้าวสด,ก๊วยเตี๊ยวกล่อง,35,30,1,30,34.5,5,-1,
ตลาดแก่งคอย,กับข้าวสด,ก๊วยเตี๊ยวมีปลาทู,40,35,1,35,40.25,5,0,
ตลาดแก่งคอย,กับข้าวสด,ก๊วยจั๊บ,35,30,1,30,34.5,5,-7,
makro,เครื่องปรุง,กะทิกล่อง อร่อยดี 150ml * 6,15,88,6,14.66666667,16.86666667,0.333333333,2,
makro,เครื่องปรุง,กะทิกล่อง อร่อยดี ใหญ่ 250ml * 6,25,124,6,20.66666667,23.76666667,4.333333333,5,
makro,เครื่องปรุง,กะปิ กระปุก,12,1,1,1,1.15,11,-2,ไม่รูู้ต้นทุน
ตลาดแก่งคอย,กับข้าวสด,กับข้าว 25,25,20,1,20,23,5,-128,
makro,เครื่องดื่ม,กาโตะ ลิ้นจี่ * 6,10,47,6,7.833333333,9.008333333,2.166666667,9,8-Feb
makro,เครื่องดื่ม,กาโตะ ส้ม * 6,10,47,6,7.833333333,9.008333333,2.166666667,4,8-Feb
ตลาดแก่งคอย,กับข้าวสด,กุ้ง,110,1,1,1,1.15,109,0,ไม่รู้ต้นทุน
ตลาดแก่งคอย,กับข้าวสด,กุ้งสด 40,40,1,1,1,1.15,39,0,ไม่รู้ต้นทุน
ตลาดแก่งคอย,กับข้าวสด,กุ้งสด 65,65,150,3,50,57.5,15,0,
ตลาดแก่งคอย,กับข้าวสด,กุนเชียง,25,20,1,20,23,5,-1,
ร้านขายส่ง,ขนม,ขนมเปี๊ยะ,5,4,1,4,4.6,1,0,-2
ร้านขายส่ง,ขนม,ขนมแท่ง เอ็ม & ดี,5,4,1,4,4.6,1,0,
makro,ขนม,ขนมโรล Fershay Roll รส chocolate * 12 แถม 2,5,46,12,3.833333333,4.408333333,1.166666667,11,
makro,ขนม,ขนมโรล Fershay Roll รส strawberry * 12 แถม 2,5,46,12,3.833333333,4.408333333,1.166666667,9,
makro,ขนม,ขนมโรล Fershay Roll รสกล้วย * 12,5,46,12,3.833333333,4.408333333,1.166666667,8,
ตลาดแก่งคอย,กับข้าวสด,ขนมใส่ไส้ * 3,12,10,1,10,11.5,2,0,
makro,ขนม,ขนมข้าวโพด รสนม,6,31,6,5.166666667,5.941666667,0.833333333,8,
ตลาดแก่งคอย,กับข้าวสด,ขนมจีน,12,10,1,10,11.5,2,-6,
ตลาดแก่งคอย,กับข้าวสด,ขนมจีน ญ,25,20,1,20,23,5,-1,
makro,แช่เย็น/ฟรีส,ขนมจีบกุ้ง จักรพรรดิ 24 ชิ้น,205,179,1,179,205.85,26,1,12-Feb
ตลาดแก่งคอย,กับข้าวสด,ขนมถังแตก,6,5,1,5,5.75,1,0,
makro,ขนม,ขนมปัง farmhouse แถวแดง 480g,48,42,1,42,48.3,6,1,8-Mar
ตลาดแก่งคอย,กับข้าวสด,ขนมปังสังขยา,25,20,1,20,23,5,0,
ร้านขายส่ง,ขนม,ขนมปี๊ปเวเฟอร์ใบเตย,10,8,1,8,9.2,2,0,-3 375 5 โล
ร้านขายส่ง,ขนม,ขนมปี๊ปสัปปะรดดอกไม้,10,8,1,8,9.2,2,0,-3 375 5 โล
ร้านขายส่ง,ขนม,ขนมปี๊ปสัปปะรดสี่เหลี่ยม,10,8,1,8,9.2,2,0,-3 495 6 โล
ร้านขายส่ง,ขนม,ขนมปี๊ปหมีช็อกโกแล็ต,10,8,1,8,9.2,2,0,-3 400 5 โล
ตลาดแก่งคอย,กับข้าวสด,ขนมมะพร้าว,12,10,1,10,11.5,2,0,
ตลาดแก่งคอย,กับข้าวสด,ขนมหวาน,12,10,1,10,11.5,2,-24,
ตลาดแก่งคอย,กับข้าวสด,ข้าว,5,340,144,2.361111111,2.715277778,2.638888889,-49,17-Jan
ตลาดแก่งคอย,กับข้าวสด,ข้าวเหนียว,5,4,1,4,4.6,1,-72,
ตลาดแก่งคอย,กับข้าวสด,ข้าวเหนียว ขนุน,35,30,1,30,34.5,5,0,-2
ตลาดแก่งคอย,กับข้าวสด,ข้าวเหนียว ญ,10,9,10,0.9,1.035,9.1,0,
ร้านขายส่ง,ข้าว/ไข่,ข้าวเหนียว ดอกคูน,450,400,1,400,460,50,9,-4
ตลาดแก่งคอย,กับข้าวสด,ข้าวเหนียวถั่วดำ,18,15,1,15,17.25,3,0,
ตลาดแก่งคอย,กับข้าวสด,ข้าวเหนียวทุเรียน,40,35,1,35,40.25,5,0,-4
ตลาดแก่งคอย,กับข้าวสด,ข้าวเหนียวปิ้ง,6,5,1,5,5.75,1,0,
ตลาดแก่งคอย,กับข้าวสด,ข้าวเหนียวมะม่วง,35,30,1,30,34.5,5,-5,-2
ตลาดแก่งคอย,กับข้าวสด,ข้าวเหนียวมะม่วง ก,30,25,1,25,28.75,5,0,-2
ตลาดแก่งคอย,กับข้าวสด,ข้าวเหนียวมะม่วง ล,25,20,1,20,23,5,-5,-2
ตลาดแก่งคอย,กับข้าวสด,ข้าวเหนียวหมูเส้น,12,10,1,10,11.5,2,0,-4
makro,ข้าว/ไข่,ข้าวเหนียวอีสาน ARO 5kg,165,140,1,140,161,25,2,
makro,ข้าว/ไข่,ข้าวเหลืองอ่อน ตราแตงโม,390,340,1,340,391,50,0,
makro,ข้าว/ไข่,ข้าวแข็ง เบญจรงค์ 5kg,115,1,1,1,1.15,114,6,19-Mar
makro,ข้าว/ไข่,ข้าวแข็ง พิกุลแก้ว 5kg,115,94,1,94,108.1,21,1,
ตลาดแก่งคอย,กับข้าวสด,ข้าวโพดต้ม,25,20,1,20,23,5,-2,
ตลาดแก่งคอย,กับข้าวสด,ข้าวกล่อง,35,1,1,1,1.15,34,-1,
ตลาดแก่งคอย,กับข้าวสด,ข้าวขาหมู,35,30,1,30,34.5,5,0,
ตลาดแก่งคอย,กับข้าวสด,ข้าวคลุกกะปิ,35,30,1,30,34.5,5,-1,
ตลาดแก่งคอย,กับข้าวสด,ข้าวซอย,40,35,1,35,40.25,5,0,-2
makro,มาม่า/โจ๊ก/กระป๋อง,ข้าวต้ม กระเทียม * 6,20,1,6,0.166666667,0.191666667,19.83333333,6,
makro,มาม่า/โจ๊ก/กระป๋อง,ข้าวต้ม มาม่า เล้งแซ่บ * 6,20,95,6,15.83333333,18.20833333,4.166666667,1,
ตลาดแก่งคอย,กับข้าวสด,ข้าวต้มมัด,6,5,1,5,5.75,1,0,
makro,ขนม,ข้าวตังหน้าหมูหยองพริกเผา 30g * 5,20,80,5,16,18.4,4,0,
ตลาดแก่งคอย,กับข้าวสด,ข้าวมันไก่,35,30,1,30,34.5,5,-1,
ตลาดแก่งคอย,กับข้าวสด,ข้าวมันไก่ ล,25,20,1,20,23,5,0,
ตลาดแก่งคอย,กับข้าวสด,ข้าวหมูแดง,35,30,1,30,34.5,5,-1,
makro,ข้าว/ไข่,ข้าวหอมมะลิ พนมรุ้ง 5kg,155,137,1,137,157.55,18,9,26-Mar
makro,ข้าว/ไข่,ข้าวหอมมะลิคัดพิเศษ ตราชามทอง ถุงฟ้า AAAA,325,280,1,280,322,45,3,
ตลาดแก่งคอย,กับข้าวสด,ครัวซอง,32,27,1,27,31.05,5,0,-4
makro,ของใช้ส่วนตัว,ครีมนวดผม ซันซิล 60/70ml * 6,20,92,6,15.33333333,17.63333333,4.666666667,2,
makro,ของใช้ส่วนตัว,ควันน้อย ranger 10 ขด * 5,25,108,5,21.6,24.84,3.4,10,19-Mar
makro,ของใช้ส่วนตัว,ควันน้อย เมนทอส 10 ขด * 5,20,74,5,14.8,17.02,5.2,-1,
makro,ของใช้ส่วนตัว,ควันน้อย ซากุระ 10 ขด * 5,20,74,5,14.8,17.02,5.2,-1,
makro,ขนม,คอนเน่ 56/48g * 3,20,51,3,17,19.55,3,0,
makro,ขนม,คอนเน่ รสชีส 56/48g * 3,20,51,3,17,19.55,3,0,
makro,ขนม,คอนเน่ รสชีส 56/48g * 3 รสเข้มข้น,20,51,3,17,19.55,3,-1,
makro,ขนม,คาราด้า * 12,5,47,12,3.916666667,4.504166667,1.083333333,0,
makro,ขนม,คาราด้า 68/62g * 4,20,63,4,15.75,18.1125,4.25,3,8-Mar
makro,เครื่องดื่ม,คาราบาว 150ml * 50,10,430,50,8.6,9.89,1.4,50,8-Mar
ร้านขายส่ง,ขนม,คุกกี้,5,4,1,4,4.6,1,0,-3
ตลาดแก่งคอย,กับข้าวสด,จ๋อม,12,10,1,10,11.5,2,-3,
ตลาดแก่งคอย,กับข้าวสด,จ๋อม ญ,25,20,1,20,23,5,0,
ตลาดแก่งคอย,กับข้าวสด,ชมพู่,25,20,1,20,23,5,0,
ร้านขายส่ง,เครื่องดื่ม,ช้าง เบียร์,60,590,10,59,67.85,1,194,8-Feb
makro,ของใช้ส่วนตัว,ชิลด์ท้อกแนทเชอร์การดเหลือง 300ml * 3,55,143,3,47.66666667,54.81666667,7.333333333,2,
makro,ขนม,ชีโตส อเมริกันชีส * 12,5,47,12,3.916666667,4.504166667,1.083333333,0,
makro,เครื่องปรุง,ชูรส ถ้วยแดง อายิโนะโมโตะ 250g * 20,31,569,20,28.45,32.7175,2.55,0,
makro,เครื่องปรุง,ชูรส ถ้วยแดง อายิโนะโมโตะ 72g * 20,10,178,20,8.9,10.235,1.1,20,8-Mar
makro,เครื่องปรุง,ชูรส รสดี 165/155g * 10 27บ,27,238,10,23.8,27.37,3.2,10,12-Feb
makro,เครื่องปรุง,ชูรส รสดี 20g 5บ,5,1,1,1,1.15,4,3,
makro,เครื่องปรุง,ชูรส รสดี 70/75 * 10 13บ,13,115,10,11.5,13.225,1.5,10,8-Mar
makro,ขนม,ซอฟท์โรล * 12,5,39,12,3.25,3.7375,1.75,0,
makro,เครื่องปรุง,ซอสปรุงฝาเขียว 200ml * 6,20,105,6,17.5,20.125,2.5,7,
makro,เครื่องปรุง,ซอสปรุงฝาเขียว 500ml * 6,35,168,6,28,32.2,7,0,
makro,เครื่องปรุง,ซอสปรุุงฝาเหลือง 110ml * 6,15,60,6,10,11.5,5,4,
makro,เครื่องปรุง,ซอสหอยนางรม 150cc * 4,25,84,4,21,24.15,4,1,
makro,เครื่องปรุง,ซอสหอยนางรม 600cc * 3 ญ,58,151,3,50.33333333,57.88333333,7.666666667,6,19-Mar
makro,ขนม,ซันไบทส์ บาร์บีคิว 56/54g * 3,20,50,3,16.66666667,19.16666667,3.333333333,0,
makro,ขนม,ซันไบร์ท รสต้นตำรับ,20,50,3,16.66666667,19.16666667,3.333333333,0,
makro,ยา,ซาร่า 10 เม็ด * 100,15,1150,100,11.5,13.225,3.5,-7,
makro,ของใช้ส่วนตัว,ซิตร้าซอง 30ml * 4,29,78,4,19.5,22.425,9.5,0,
makro,ขนม,ซีม่อน * 12,5,50,12,4.166666667,4.791666667,0.833333333,0,
makro,ขนม,ดัชชี่ โยเกิร์ต ธรรมชาติ,17,58,4,14.5,16.675,2.5,-1,
makro,ขนม,ดัชชี่ โยเกิร์ต มะพร้าว,17,58,4,14.5,16.675,2.5,-1,
makro,เครื่องดื่ม,ดัชมิลค์ นมกล่อง รสผลไม้รวม * 48,11,478,48,9.958333333,11.45208333,1.041666667,1,8-Feb
makro,ขนม,ตะวัน ใหญ่ รสต้นตำรับ 67/70g,20,48,3,16,18.4,4,0,
ตลาดแก่งคอย,กับข้าวสด,ตำถั่ว,30,25,1,25,28.75,5,-1,
ตลาดแก่งคอย,กับข้าวสด,ตีนไก่,25,20,1,20,23,5,0,
ร้านขายส่ง,ขนม,ตุบตับ,5,4,1,4,4.6,1,0,-3
ตลาดแก่งคอย,กับข้าวสด,ตูดไก่,25,50,3,16.66666667,19.16666667,8.333333333,0,
makro,ขนม,ถั่วโก๋แก่ รสโรยเกลือ * 12,5,49,12,4.083333333,4.695833333,0.916666667,24,26-Mar
makro,ขนม,ถั่วโก๋แก่ รสปูอัดวาซาบิ * 12,5,49,12,4.083333333,4.695833333,0.916666667,0,
makro,ขนม,ถั่วโก๋แก่ รสสาหร่าย * 12,5,49,12,4.083333333,4.695833333,0.916666667,12,8-Mar
ร้านขายส่ง,ขนม,ถั่วตัด,5,20,5,4,4.6,1,0,ไม่รู้ต้นทุน
ร้านขายส่ง,ขนม,ถั่วทอด,5,4,1,4,4.6,1,4,-2
makro,อื่นๆ,"ถุงหิ้วหูบาง 6""*14"" 1kg",99,99,1,99,113.85,0,0,
makro,ขนม,ทวิสโก้รสบาร์บีคิว 68g * 3,20,47.5,3,15.83333333,18.20833333,4.166666667,0,
makro,ขนม,ทวิสตี้โรลลี่สตรอเบอร์รี่,20,50,3,16.66666667,19.16666667,3.333333333,0,
ตลาดแก่งคอย,กับข้าวสด,ทอดมัน,25,20,1,20,23,5,0,
makro,ขนม,ทาโร่ 6/5g * 12,5,49,12,4.083333333,4.695833333,0.916666667,0,
makro,ขนม,ทาโร่ 6/5g * 12,10,47,6,7.833333333,9.008333333,2.166666667,6,26-Mar
makro,ของใช้ส่วนตัว,ทิชชู่ ม้วน,5,1,1,1,1.15,4,0,
makro,ขนม,ทิวลี่ x ฟันโอ * 12,5,46.5,12,3.875,4.45625,1.125,0,
makro,ขนม,ทิวลี่ x ฟันโอ เหมาลัง,55,46.5,1,46.5,53.475,8.5,0,
makro,ขนม,ทิวลี่ บิ๊กแบง ซอล์ดเท็คคาราเมล,5,49.5,12,4.125,4.74375,0.875,0,
makro,ขนม,ทิวลี่ บิ๊กแบง ซอล์ดเท็คคาราเมล เหมาลัง,55,49.5,1,49.5,56.925,5.5,0,
makro,ขนม,ทิวลี่ทวิน ช็อกโกแล็ต * 12,5,47,12,3.916666667,4.504166667,1.083333333,-4,
makro,ขนม,ทิวลี่ทวิน ช็อกโกแล็ต * 12 เหมาลัง,53,47,1,47,54.05,6,0,
makro,ขนม,ทิวลี่ทวิน วานิลลา * 12,5,47,12,3.916666667,4.504166667,1.083333333,0,
makro,ขนม,ทิวลี่บอล * 12,5,47,12,3.916666667,4.504166667,1.083333333,0,
รถนม,เครื่องดื่ม,นมเปรี้ยวขวด เมจิ meiji 330ml ญ,25,240,12,20,23,5,-1,
รถนม,เครื่องดื่ม,นมเปรี้ยวขวด เมจิ meiji milkshake ญ,27,69,3,23,26.45,4,3,-4
รถนม,เครื่องดื่ม,นมเปรี้ยวขวด เมจิ meiji ล,10,1,1,1,1.15,9,-5,
makro,เครื่องปรุง,นมข้นหวาน Carnation Plus 380g * 6,28,146,6,24.33333333,27.98333333,3.666666667,5,
makro,เครื่องปรุง,นมข้นหวาน มะลิ 355g * 6,29,153,6,25.5,29.325,3.5,1,
รถนม,เครื่องดื่ม,นมสด เมจิ meiji 200ml,15,150,12,12.5,14.375,2.5,0,
รถนม,เครื่องดื่ม,นมสด เมจิ meiji 450ml,30,162,6,27,31.05,3,-1,
makro,เครื่องปรุง,นอติลุส ทูน่าแซนวิชในน้ำมันถั่วเหลือง 170g * 4,45,155,4,38.75,44.5625,6.25,0,
ร้านขายส่ง,เครื่องดื่ม,น้ำ เล็ก* 6,6,27.5,12,2.291666667,2.635416667,3.708333333,65,8-Feb
ร้านขายส่ง,เครื่องดื่ม,น้ำ ใหญ่ * 6,10,27.5,6,4.583333333,5.270833333,5.416666667,14,8-Feb
ร้านขายส่ง,เครื่องดื่ม,น้ำ ใหญ่ * 6 เหมาแพ็ค,35,27.5,1,27.5,31.625,7.5,0,
แคมป์,เครื่องดื่ม,น้ำ ใหญ่ เติมถัง,5,4,1,4,4.6,1,0,-4
makro,เครื่องดื่ม,น้ำเฉาก๊วย เมจิกฟาร์ม 240ml * 6,10,49,6,8.166666667,9.391666667,1.833333333,7,8-Feb
ตลาดแก่งคอย,กับข้าวสด,น้ำเต้าหู้เครื่อง,12,10,1,10,11.5,2,-3,
ตลาดแก่งคอย,กับข้าวสด,น้ำเต้าหู้ไม่เครื่อง,10,8,1,8,9.2,2,0,
รถบรรทุก,แช่เย็น/ฟรีส,น้ำแข็ง,5,45,14,3.214285714,3.696428571,1.785714286,-68,
makro,เครื่องปรุง,น้ำจิ้มสุกี้กวางตุ้ง พันท้าย 330g * 6,62,324,6,54,62.1,8,6,
makro,เครื่องปรุง,น้ำจิ้มสุกี้กวางตุ้ง พันท้าย 830g * 3,115,297,3,99,113.85,16,6,12-Feb
makro,เครื่องปรุง,น้ำจิ้มหมูกระทะ จักรพรรดิ 220g * 3,25,57,3,19,21.85,6,0,
ร้านขายส่ง,เครื่องปรุง,น้ำตาลทรายแดง,25,1,1,1,1.15,24,-1,ไม่รู้ต้นทุน
makro,เครื่องปรุง,น้ำตาลทรายขาว * 5,30,122.5,5,24.5,28.175,5.5,5,8-Mar
makro,เครื่องดื่ม,น้ำตาลสด ARO 320ml * 6,15,75,6,12.5,14.375,2.5,19,8-Feb
makro,เครื่องดื่ม,น้ำตาลสด เมจิกฟาร์ม 240ml * 6,10,49,6,8.166666667,9.391666667,1.833333333,7,8-Feb
makro,เครื่องปรุง,น้ำปลา ทิพรส 700cc * 12,35,332,12,27.66666667,31.81666667,7.333333333,12,19-Mar
ร้านขายส่ง,เครื่องปรุง,น้ำปลาร้า,30,1,1,1,1.15,29,13,ไม่รู้ต้นทุน
ร้านขายส่ง,เครื่องดื่ม,น้ำผลไม้ D ญ แคนตาลูป,10,1,1,1,1.15,9,-2,8-Feb
ร้านขายส่ง,เครื่องดื่ม,น้ำผลไม้ D ญ ลิ้นจี่,10,1,1,1,1.15,9,0,8-Feb
ร้านขายส่ง,เครื่องดื่ม,น้ำผลไม้ D ญ สตรอเบอร์รี่,10,1,1,1,1.15,9,2,8-Feb
ร้านขายส่ง,เครื่องดื่ม,น้ำผลไม้ D ญ ส้ม,10,1,1,1,1.15,9,7,8-Feb
ร้านขายส่ง,เครื่องดื่ม,น้ำผลไม้ D ญ สัปปะรด,10,1,1,1,1.15,9,1,8-Feb
ร้านขายส่ง,เครื่องดื่ม,น้ำผลไม้ D ญ องุ่น,10,1,1,1,1.15,9,14,8-Feb
ร้านขายส่ง,เครื่องดื่ม,น้ำผลไม้ D ล แคนตาลูป,5,1,1,1,1.15,4,15,8-Feb
ร้านขายส่ง,เครื่องดื่ม,น้ำผลไม้ D ล ลิ้นจี่,5,1,1,1,1.15,4,0,8-Feb
ร้านขายส่ง,เครื่องดื่ม,น้ำผลไม้ D ล สตรอเบอร์รี่,5,1,1,1,1.15,4,0,8-Feb
ร้านขายส่ง,เครื่องดื่ม,น้ำผลไม้ D ล ส้ม,5,1,1,1,1.15,4,37,8-Feb
ร้านขายส่ง,เครื่องดื่ม,น้ำผลไม้ D ล สัปปะรด,5,1,1,1,1.15,4,0,8-Feb
ร้านขายส่ง,เครื่องดื่ม,น้ำผลไม้ D ล องุ่น,5,1,1,1,1.15,4,0,8-Feb
ตลาดแก่งคอย,กับข้าวสด,น้ำพริก,30,25,1,25,28.75,5,0,
ตลาดแก่งคอย,กับข้าวสด,น้ำพริกกะปิกับผักยาว ญ,30,25,1,25,28.75,5,-1,
ตลาดแก่งคอย,กับข้าวสด,น้ำพริกปลาทู,25,20,1,20,23,5,0,
ตลาดแก่งคอย,กับข้าวสด,น้ำพริกปลาทู ญ,30,25,1,25,28.75,5,0,
makro,เครื่องดื่ม,น้ำมะพร้าว เมจิกฟาร์ม 240ml * 6,10,49,6,8.166666667,9.391666667,1.833333333,0,8-Feb
makro,เครื่องปรุง,น้ำมันถั่วเหลือง มรกต 1l * 12,68,732,12,61,70.15,7,0,
makro,เครื่องปรุง,น้ำมันปาล์ม มรกต 1l * 12,60,560,12,46.66666667,53.66666667,13.33333333,12,19-Mar
makro,ของใช้ส่วนตัว,น้ำยาล้างจาน Nink,13,30,3,10,11.5,3,-1,
makro,ของใช้ส่วนตัว,น้ำยาล้างจาน savepak * 3,10,25,3,8.333333333,9.583333333,1.666666667,6,26-Mar
makro,ของใช้ส่วนตัว,น้ำยาล้างจาน โปร 400ml ชมพู * 3,13,30,3,10,11.5,3,0,
makro,ของใช้ส่วนตัว,น้ำยาล้างจาน โปร เหลือง 400ml * 3,13,30,3,10,11.5,3,2,
ตลาดแก่งคอย,กับข้าวสด,น้ำลำไย,30,25,1,25,28.75,5,0,
makro,เครื่องดื่ม,น้ำหวาน hell blue boy,65,690,12,57.5,66.125,7.5,7,8-Feb
makro,ของใช้ส่วนตัว,นีเวียโรลออน 12ml * 5+1,32,155,6,25.83333333,29.70833333,6.166666667,8,
makro,ของใช้ส่วนตัว,บรีสเพาวเวอร์ผง 240/300g * 3,20,68,4,17,19.55,3,6,
makro,ของใช้ส่วนตัว,บรีสเอกเซล น้ำ * 6 แถม 1,20,99,6,16.5,18.975,3.5,10,
makro,ของใช้ส่วนตัว,บรีสเอกเซล ผง 10บ ล,10,83,12,6.916666667,7.954166667,3.083333333,0,
makro,ของใช้ส่วนตัว,บรีสเอกเซล ผง 20บ,20,1,1,1,1.15,19,5,
online,ขนม,บ๊วย * 8/10,15,1,1,1,1.15,14,-3,ไม่รู้ต้นทุน
online,ขนม,บ๊วย เหมา,210,179,1,179,205.85,31,0,
ตลาดแก่งคอย,กับข้าวสด,บะหมี่กล่อง,35,30,1,30,34.5,5,-3,
ตลาดแก่งคอย,กับข้าวสด,บะหมี่กล่อง 25,25,20,1,20,23,5,0,
ตลาดแก่งคอย,กับข้าวสด,บะหมี่กล่อง 30,30,25,1,25,28.75,5,0,
ร้านขายส่ง,มาม่า/โจ๊ก/กระป๋อง,บะหมี่จีน เอ็มวาย,15,12,1,12,13.8,3,0,-2
ตลาดแก่งคอย,กับข้าวสด,บัวลอยไข่หวาน,20,15,1,15,17.25,5,0,
makro,ขนม,บิสชิน รสเมล่อน * 12,6,59.5,12,4.958333333,5.702083333,1.041666667,-6,
makro,ขนม,บิสชิน รสนม * 12,6,59.5,12,4.958333333,5.702083333,1.041666667,0,
makro,ขนม,บิสชิน รสบลูเบอร์รี่ * 12,6,59.5,12,4.958333333,5.702083333,1.041666667,0,
makro,ขนม,บิสชิน รสมะพร้าว * 12,6,59.5,12,4.958333333,5.702083333,1.041666667,0,
makro,ขนม,บิสชิน รสสตรอเบอร์รี่ * 12,6,59.5,12,4.958333333,5.702083333,1.041666667,0,
makro,ขนม,บิสชิน รสส้ม * 12,6,59.5,12,4.958333333,5.702083333,1.041666667,-1,
ร้านขายส่ง,ของใช้ส่วนตัว,บุหรี่ sms,85,120,12,10,11.5,75,0,-4
ร้านขายส่ง,ขนม,ปลาเค็มเล็กทอด,5,5,1,5,5.75,0,65,-2
ตลาดแก่งคอย,กับข้าวสด,ปลาแห้ง,25,20,3,6.666666667,7.666666667,18.33333333,0,
makro,มาม่า/โจ๊ก/กระป๋อง,ปลากระป๋อง 3 แม่ครัว 155g * 10,20,169,10,16.9,19.435,3.1,23,
makro,มาม่า/โจ๊ก/กระป๋อง,ปลากระป๋อง Aro * 10,15,115,10,11.5,13.225,3.5,20,
makro,มาม่า/โจ๊ก/กระป๋อง,ปลากระป๋อง โรซ่า 155g * 10,20,187,10,18.7,21.505,1.3,0,
makro,มาม่า/โจ๊ก/กระป๋อง,ปลากระป๋อง โรซ่า Mackerel Fried with Chilli 140g * 4,27,92,4,23,26.45,4,29,
makro,มาม่า/โจ๊ก/กระป๋อง,ปลากระป๋อง ซีเชฟ 155g * 10,20,168,10,16.8,19.32,3.2,0,
makro,มาม่า/โจ๊ก/กระป๋อง,ปลากระป๋อง ซีเล็ค Fitt ทูน่าแซนวิชในน้ำแร่ ฟ้าอ่อน 165g * 4,38,130,4,32.5,37.375,5.5,0,
makro,มาม่า/โจ๊ก/กระป๋อง,ปลากระป๋องแมคเคอเรล ปุ้มปุ้ย ราดพริก ยาว 155g * 10,25,209,10,20.9,24.035,4.1,0,
makro,มาม่า/โจ๊ก/กระป๋อง,ปลากระป๋องซาร์ดีน ปุ้มปุ้ย ซอสมะเขือเทศ รสเข้มข้น ยาว 155g * 10,18,154,10,15.4,17.71,2.6,13,
makro,มาม่า/โจ๊ก/กระป๋อง,ปลากระป๋องซาร์ดีนสับ ปุ้มปุ้ย เตี้ย ไม่ลายทาง 80g * 10,20,170,10,17,19.55,3,0,
ตลาดแก่งคอย,กับข้าวสด,ปลาดุก,40,30,1,30,34.5,10,-4,
ตลาดแก่งคอย,กับข้าวสด,ปลาทอด,30,25,1,25,28.75,5,0,-2
ตลาดแก่งคอย,กับข้าวสด,ปลาทอด ญ,40,35,1,35,40.25,5,0,-4
ร้านขายส่ง,แช่เย็น/ฟรีส,ปลาทู,35,250,10,25,28.75,10,0,
ตลาดแก่งคอย,กับข้าวสด,ปลาทูทอด,30,25,1,25,28.75,5,-3,
ตลาดแก่งคอย,กับข้าวสด,ปลาทูราดพริก,28,20,1,20,23,8,0,28-Mar
ตลาดแก่งคอย,กับข้าวสด,ปลานิลทอด,40,30,1,30,34.5,10,0,-3
ร้านขายส่ง,เครื่องปรุง,ปลาร้า กระปุก,12,1,1,1,1.15,11,15,ไม่รู้ต้นทุน
ตลาดแก่งคอย,กับข้าวสด,ปลาราดพริก,35,25,1,25,28.75,10,0,
ตลาดแก่งคอย,กับข้าวสด,ปลาสด 45,45,200,6,33.33333333,38.33333333,11.66666667,0,
ตลาดแก่งคอย,กับข้าวสด,ปลาสดใหญ่,45,1,1,1,1.15,44,0,ไม่รู้ต้นทุน
ตลาดแก่งคอย,กับข้าวสด,ปลาสดซิว,65,1,1,1,1.15,64,0,ไม่รู้ต้นทุน
ตลาดแก่งคอย,กับข้าวสด,ปลาสดน้อย,30,1,1,1,1.15,29,0,ไม่รู้ต้นทุน
ตลาดแก่งคอย,กับข้าวสด,ปลาส้ม 25 ถุง,25,20,1,20,23,5,0,
ตลาดแก่งคอย,กับข้าวสด,ปลาส้ม 30 ล,30,25,1,25,28.75,5,0,
ตลาดแก่งคอย,กับข้าวสด,ปลาส้ม 35,35,30,1,30,34.5,5,-10,
ตลาดแก่งคอย,กับข้าวสด,ปลาส้มที่เหมือนแหนม ถุง,25,20,1,20,23,5,0,
ตลาดแก่งคอย,กับข้าวสด,ปลาหมึกเค็ม ถุง,25,20,1,20,23,5,0,
ตลาดแก่งคอย,กับข้าวสด,ปลาหวาน ถุง,25,20,1,20,23,5,0,
ตลาดแก่งคอย,กับข้าวสด,ปาท๋องโก๋,12,10,1,10,11.5,2,-4,
ตลาดแก่งคอย,กับข้าวสด,ปาท๋องโก๋ยัดไส้ สังขยา/นม,12,10,1,10,11.5,2,-3,
makro,ขนม,ปาปริก้า 65/56g * 3,20,51,3,17,19.55,3,0,
makro,ขนม,ปาร์ตี้ 53/57g * 3,20,47,3,15.66666667,18.01666667,4.333333333,0,
ตลาดแก่งคอย,กับข้าวสด,ปีกไก่,25,20,1,20,23,5,0,
ตลาดแก่งคอย,กับข้าวสด,ปูผัดผงกระหรี่,25,20,1,20,23,5,0,
makro,แช่เย็น/ฟรีส,ปูอัด 250g * 4,55,175,4,43.75,50.3125,11.25,4,12-Feb
ตลาดแก่งคอย,กับข้าวสด,ปูอัดสลัด,35,30,1,30,34.5,5,-1,
ร้านขายส่ง,ขนม,ผลไม้ดอง,5,4,1,4,4.6,1,0,-3
ตลาดแก่งคอย,กับข้าวสด,ผักเสี้ยนดอง,12,10,1,10,11.5,2,-3,-2
makro,มาม่า/โจ๊ก/กระป๋อง,ผักกาดดอง นกพิราบ * 6,20,83,6,13.83333333,15.90833333,6.166666667,2,
makro,มาม่า/โจ๊ก/กระป๋อง,ผักกาดดอง นกพิราบคู่ * 6,20,93,6,15.5,17.825,4.5,0,
ตลาดแก่งคอย,กับข้าวสด,ผัดไท 35,35,30,1,30,34.5,5,-2,
ตลาดแก่งคอย,กับข้าวสด,ผัดไท ล,30,25,1,25,28.75,5,0,
makro,มาม่า/โจ๊ก/กระป๋อง,ผัดกาดดองเค็ม 3 แม่ครัว * 6,13,68,6,11.33333333,13.03333333,1.666666667,0,
makro,ของใช้ส่วนตัว,ผ้าอนามัย ลอริเอะ กลางคืน 16บ * 4,16,1,1,1,1.15,15,0,ไม่รูู้ต้นทุน
makro,ของใช้ส่วนตัว,ผ้าอนามัย ลอริเอะ กลางวัน 12บ * 4,12,1,1,1,1.15,11,0,ไม่รูู้ต้นทุน
ร้านขายส่ง,เครื่องปรุง,พริกแกง,30,25,1,25,28.75,5,-2,เมื่อก่อน 37;13/2=30
ร้านขายส่ง,เครื่องปรุง,พริกแกง 20,20,15,1,15,17.25,5,0,
ร้านขายส่ง,เครื่องปรุง,พริกแห้ง,10,1,1,1,1.15,9,0,ไม่รู้ต้นทุน
ร้านขายส่ง,เครื่องปรุง,พริกไทย,5,4,1,4,4.6,1,0,-4
ร้านขายส่ง,เครื่องปรุง,พริกป่น,10,45,5,9,10.35,1,20,2-3 @ 45. เมื่อก่อน 65;13/2=60;
ตลาดแก่งคอย,กับข้าวสด,พะโล้,25,20,1,20,23,5,0,
ตลาดแก่งคอย,กับข้าวสด,พุทราแช่อิ่ม,20,15,1,15,17.25,5,0,-2
makro,ขนม,ฟริทซี โคล่า * 12,5,47,12,3.916666667,4.504166667,1.083333333,-1,
makro,ขนม,ฟริทซี สตอร์เบอร์รี่ * 12,5,47,12,3.916666667,4.504166667,1.083333333,-3,
makro,ขนม,ฟรุ๊ตกัมมี่ดราก้อน โคล่า * 12,5,47,12,3.916666667,4.504166667,1.083333333,-1,
makro,ขนม,ฟรุ๊ตกัมมี่ดราก้อน สตรอเบอร์รี่ * 12,5,47,12,3.916666667,4.504166667,1.083333333,0,
makro,ขนม,ฟันโอ ช็อกชิพ,5,5,1,5,5.75,0,0,
makro,ขนม,มโนราห์เผือก * 12,5,49,12,4.083333333,4.695833333,0.916666667,0,
makro,ขนม,มหาชัยข้าวเกรียบ 96g * 3,20,51,3,17,19.55,3,3,8-Mar
ตลาดแก่งคอย,กับข้าวสด,มะม่วงดิบ 20,20,15,1,15,17.25,5,0,-3
ตลาดแก่งคอย,กับข้าวสด,มะม่วงดิบ 25,25,20,1,20,23,5,0,18-Feb
makro,ขนม,มากาโดะ ป๊อปปี้ป๊อบ * 1,5,50,12,4.166666667,4.791666667,0.833333333,10,
makro,มาม่า/โจ๊ก/กระป๋อง,มาม่าคัพ เหลือง รสหมู * 6,15,75,6,12.5,14.375,2.5,4,
makro,มาม่า/โจ๊ก/กระป๋อง,มาม่าคัพ รสเย็นตาโฟต้มยำหม้อไฟ ม่วง * 6,15,75,6,12.5,14.375,2.5,0,
makro,มาม่า/โจ๊ก/กระป๋อง,มาม่าคัพ รสกระเพราแซ่บ แดง * 6,15,75,6,12.5,14.375,2.5,1,
makro,มาม่า/โจ๊ก/กระป๋อง,มาม่าคัพ รสต้มยำกุ้ง แดง * 6,15,75,6,12.5,14.375,2.5,11,
makro,มาม่า/โจ๊ก/กระป๋อง,มาม่าคัพ รสต้มยำกุ้งน้ำข้น ส้ม * 6,15,75,6,12.5,14.375,2.5,3,
makro,มาม่า/โจ๊ก/กระป๋อง,มาม่าคัพ รสหมูสับต้มยำน้ำข้น เขียว * 6,15,75,6,12.5,14.375,2.5,0,
makro,มาม่า/โจ๊ก/กระป๋อง,มาม่าซอง เป็ดพะโล้ * 30,7,183,30,6.1,7.015,0.9,30,12-Feb
makro,มาม่า/โจ๊ก/กระป๋อง,มาม่าซอง กระเพราแซบแห้ง 55g * 6,7,38,6,6.333333333,7.283333333,0.666666667,18,12-Feb
makro,มาม่า/โจ๊ก/กระป๋อง,มาม่าซอง ต้มยำกุ้ง * 40,7,232,40,5.8,6.67,1.2,80,26-Mar
makro,มาม่า/โจ๊ก/กระป๋อง,มาม่าซอง ต้มยำกุ้งน้ำข้น * 40,7,232,40,5.8,6.67,1.2,40,12-Feb
makro,มาม่า/โจ๊ก/กระป๋อง,มาม่าซอง รสเย็นตาโฟต้มยำหม้อไฟ ม่วง * 6,8,65,10,6.5,7.475,1.5,10,26-Mar
makro,มาม่า/โจ๊ก/กระป๋อง,มาม่าซอง หมูน้ำตก แดง 55g * 6,7,40,6,6.666666667,7.666666667,0.333333333,6,26-Mar
makro,มาม่า/โจ๊ก/กระป๋อง,มาม่าซอง หมูสับ * 40,7,230,40,5.75,6.6125,1.25,40,26-Mar
makro,เครื่องดื่ม,มินิเมด 290ml * 12,15,149,12,12.41666667,14.27916667,2.583333333,25,12-Feb
makro,เครื่องดื่ม,มินิเมด พัลพิ 290ml * 12,18,180,12,15,17.25,3,12,8-Mar
makro,เครื่องดื่ม,มิรินด้า ลิ้นจี่ 345ml * 12,10,108,12,9,10.35,1,2,8-Feb
makro,เครื่องดื่ม,มิรินด้า ส้ม 345ml * 12,10,108,12,9,10.35,1,2,8-Feb
makro,ยา,ยา tylenol 500,157,157,1,157,180.55,0,0,ไม่รู้ต้นทุน
ร้านขายส่ง,ของใช้ส่วนตัว,ยาเส้นตราแมว,15,14,1,14,16.1,1,0,-4
ร้านขายส่ง,ของใช้ส่วนตัว,ยาเส้นตรากระต่ายช้าง,10,8.33,1,8.33,9.5795,1.67,0,-4
makro,ของใช้ส่วนตัว,ยากันยุง ห่านฟ้า ควันน้อย 10ขด * 5,20,78,5,15.6,17.94,4.4,5,19-Mar
makro,ยา,ยาดมโป๊ยเซียน * 12,24,185,12,15.41666667,17.72916667,8.583333333,0,
ร้านขายส่ง,เครื่องปรุง,ยาดอง ตราเสือ,30,25,1,25,28.75,5,0,-4
makro,ยา,ยาธาตุน้ำขาวกระต่ายบิน 200ml,67,55,1,55,63.25,12,0,ไม่รูู้ต้นทุน
makro,ของใช้ส่วนตัว,ยาสีฟัน colgate fresh 30/35/40g * 12,15,147,12,12.25,14.0875,2.75,12,12-Feb
makro,ของใช้ส่วนตัว,ยาสีฟัน colgate เกลือ 100g * 6,45,222,6,37,42.55,8,5,
makro,ของใช้ส่วนตัว,ยาสีฟัน saltz 40g * 12,17,147,12,12.25,14.0875,4.75,12,12-Feb
makro,ของใช้ส่วนตัว,ยาสีฟัน saltz 90/80g * 6,37,190,6,31.66666667,36.41666667,5.333333333,12,12-Feb
makro,ของใช้ส่วนตัว,ยาสีฟัน ดาร์ลี่ ชาโคล 80/90g * 12,35,348,12,29,33.35,6,12,8-Mar
ร้านขายส่ง,ของใช้ส่วนตัว,ยาสูบ,15,14,1,14,16.1,1,0,-3
makro,ยา,ยาหม่อง ตราถ้วยทอง * 3,32,57,3,19,21.85,13,0,-4
makro,ยา,ยาหม่อง ตราลิง * 12,8,70,12,5.833333333,6.708333333,2.166666667,-2,
makro,ยา,ยาอมกำกิณเกียง,45,245,6,40.83333333,46.95833333,4.166666667,0,
ตลาดแก่งคอย,กับข้าวสด,ยำ,25,20,1,20,23,5,0,
makro,มาม่า/โจ๊ก/กระป๋อง,ยำยำ รสผัดขี้เมาแห้ง * 30,7,168,30,5.6,6.44,1.4,0,
makro,มาม่า/โจ๊ก/กระป๋อง,ยำยำ รสผัดขี้เมาแห้ง * 30 เหมาลัง,193,168,1,168,193.2,25,0,
makro,มาม่า/โจ๊ก/กระป๋อง,ยำยำ สุกี้,7,168,30,5.6,6.44,1.4,16,
makro,ขนม,ยูโร่ * 12,5,51,12,4.25,4.8875,0.75,26,
ตลาดแก่งคอย,กับข้าวสด,รังผึ้ง,12,10,1,10,11.5,2,0,
ตลาดแก่งคอย,กับข้าวสด,ลอดช่อง,12,10,1,10,11.5,2,0,
ตลาดแก่งคอย,กับข้าวสด,ลอดช่อง ญ,17,15,1,15,17.25,2,0,
makro,อื่นๆ,ลังกระดาษ,2,12,6,2,2.3,0,0,
ร้านขายส่ง,เครื่องดื่ม,ลีโอ leo เบียร์,65,617,10,61.7,70.955,3.3,38,8-Feb
ตลาดแก่งคอย,กับข้าวสด,ลูกเดือยพลาสติก,12,10,1,10,11.5,2,-1,
makro,แช่เย็น/ฟรีส,ลูกชิ้นไก่ CP 150g * 3,30,79,3,26.33333333,30.28333333,3.666666667,0,
makro,แช่เย็น/ฟรีส,ลูกชิ้นไก่/เอ็นไก่/สาหร่าย เอ็ม อาร์ 500g,68,59,1,59,67.85,9,-1,
makro,แช่เย็น/ฟรีส,ลูกชิ้นทอดมันเยาวราช AFM 500g,55,47,1,47,54.05,8,0,
makro,แช่เย็น/ฟรีส,ลูกชิ้นหมู หมูแชมป์ 380g,65,59,1,59,67.85,6,0,
makro,แช่เย็น/ฟรีส,ลูกชิ้นหมูเอ็น หมูแชมป์ 380g,65,59,1,59,67.85,6,0,
makro,มาม่า/โจ๊ก/กระป๋อง,วุ้นเส้นสายฝน * 20,5,76,20,3.8,4.37,1.2,40,12-Feb
ตลาดแก่งคอย,กับข้าวสด,วุ้นกะทิ,12,10,1,10,11.5,2,0,
ตลาดแก่งคอย,กับข้าวสด,วุ้นมะพร้าว 20,20,50,3,16.66666667,19.16666667,3.333333333,0,
makro,เครื่องดื่ม,สไปร์ท 330ml * 12,13,137,12,11.41666667,13.12916667,1.583333333,12,26-Mar
makro,เครื่องดื่ม,สไปรท์ เลม่อนพลัส 330ml * 12,13,129,12,10.75,12.3625,2.25,0,8-Feb
makro,ของใช้ส่วนตัว,สบู่ protex ไอซ์ซี่คูล 65/70g * 4,15,53,4,13.25,15.2375,1.75,4,
makro,ของใช้ส่วนตัว,สบู่ protex ชาร์โคล 65/70g * 4,15,53,4,13.25,15.2375,1.75,4,12-Feb
makro,ของใช้ส่วนตัว,สบู่ protex น้ำนมข้าว 145/160g * 4,35,107,4,26.75,30.7625,8.25,0,
makro,ของใช้ส่วนตัว,สบู่ อิงอร แพะ,33,114,4,28.5,32.775,4.5,2,
makro,ของใช้ส่วนตัว,สบู่ อิงอร ไข่มุก,33,114,4,28.5,32.775,4.5,4,12-Feb
makro,ของใช้ส่วนตัว,สบู่ อิงอร ไพล,33,114,4,28.5,32.775,4.5,4,12-Feb
makro,ของใช้ส่วนตัว,สบู่ อิงอร น้ำนมข้าว,33,114,4,28.5,32.775,4.5,8,12-Feb
makro,ของใช้ส่วนตัว,สบู่ อิงอร มะขาม,33,114,4,28.5,32.775,4.5,8,12-Feb
makro,ของใช้ส่วนตัว,สบู่ อิงอร ส้ม มะละกอ,33,114,4,28.5,32.775,4.5,4,12-Feb
makro,ของใช้ส่วนตัว,สบู่นกแก้ว เล็ก 70/75g * 4,12,42,4,10.5,12.075,1.5,3,23/1/2565 ราคาขึ้น
makro,ของใช้ส่วนตัว,สบู่นกแก้ว ใหญ่ 105/110g * 4,16,55,4,13.75,15.8125,2.25,-1,23/1/2565 ราคาขึ้น
makro,ของใช้ส่วนตัว,สบูู่ protex ซากุระ,33,107,4,26.75,30.7625,6.25,1,
makro,ของใช้ส่วนตัว,สบูู่ protex ส้ม,33,107,4,26.75,30.7625,6.25,4,
makro,ของใช้ส่วนตัว,สบูู่ ราเบน 130g * 6,33,145,6,24.16666667,27.79166667,8.833333333,0,12-Feb
makro,ของใช้ส่วนตัว,สบูู่ ราเบน 170g * 6,38,199,6,33.16666667,38.14166667,4.833333333,0,
ร้านขายส่ง,เครื่องปรุง,สุรา ไผ่ทอง,65,60,1,60,69,5,0,-4
ร้านขายส่ง,เครื่องปรุง,สุรา รวงข้าวร่ำรวย,45,40,1,40,46,5,0,-4
ตลาดแก่งคอย,กับข้าวสด,หม้อข้าวหม้อแกง,12,10,1,10,11.5,2,-3,
makro,กับข้าวสด,หมี่กรอบ,12,10,1,10,11.5,2,0,-2
ตลาดแก่งคอย,กับข้าวสด,หมูทอด,25,20,1,20,23,5,-2,
makro,แช่เย็น/ฟรีส,หมูนุ่มแช่น้ำมันงา ฟรีส SPC FZ 1kg,125,99,1,99,113.85,26,0,
makro,แช่เย็น/ฟรีส,หมูนุ่มแช่ฟรีส SPC FZ 1kg,125,99,1,99,113.85,26,1,
ตลาดแก่งคอย,กับข้าวสด,หมูปิ้ง,25,100,6,16.66666667,19.16666667,8.333333333,-3,
makro,แช่เย็น/ฟรีส,หมูยอ ARO * 5,20,85,5,17,19.55,3,0,
makro,แช่เย็น/ฟรีส,หมูยอ Savepak,15,65,5,13,14.95,2,0,
makro,แช่เย็น/ฟรีส,หมูยอตราหมูดี 75g * 5,22,96,5,19.2,22.08,2.8,0,
ตลาดแก่งคอย,กับข้าวสด,หมููเค็มในถุง,25,20,1,20,23,5,0,
ร้านขายส่ง,เครื่องปรุง,หอมแดง,10,45,25,1.8,2.07,8.2,10,2-3 @ 45.
ตลาดแก่งคอย,กับข้าวสด,หอมใหญ่,10,8,1,8,9.2,2,0,-3
ตลาดแก่งคอย,กับข้าวสด,หอยแมลงผู่,23,20,1,20,23,3,0,
ตลาดแก่งคอย,กับข้าวสด,หอยจุ๊ป,25,20,1,20,23,5,-2,-2
ตลาดแก่งคอย,กับข้าวสด,หอยดอง,12,10,1,10,11.5,2,0,
ตลาดแก่งคอย,กับข้าวสด,หอยดอง ญ,25,20,1,20,23,5,0,
ตลาดแก่งคอย,กับข้าวสด,หอยทอด,40,35,1,35,40.25,5,0,
makro,มาม่า/โจ๊ก/กระป๋อง,หอยลายทอด เผ็ด ปุ้มปุ้ย ลายทาง เตี้ย 40g * 10,25,220,10,22,25.3,3,0,
makro,เครื่องดื่ม,อิชิตัน จมูกข้าว 280ml * 24,10,195,24,8.125,9.34375,1.875,8,8-Feb
makro,เครื่องดื่ม,อิชิตัน จับเลี้ยง 315ml * 24,10,195,24,8.125,9.34375,1.875,24,18-Mar
makro,เครื่องดื่ม,อิชิตัน น้ำผึ้ง 280ml * 24,10,195,24,8.125,9.34375,1.875,103,8-Feb
makro,เครื่องดื่ม,อิชิตัน สัปปะรด 280ml * 6,10,51,6,8.5,9.775,1.5,6,8-Mar
makro,ขนม,ฮานามิ 60/52g * 4,20,74,4,18.5,21.275,1.5,4,12-Feb
makro,ขนม,ฮานามิ รส hot chilli 60/52g * 4,20,67,4,16.75,19.2625,3.25,4,12-Feb
