Trans ID,ของ,วันที่,ชื่อสินค้า,จำนวน,ราคาต่อหน่วย,รวมทั้งสิ้น
98,KR เบิกงาน,1/17/2023 0:00,น้ำยาล้างจาน โปร เหลือง 400ml * 3,1,13,13
,KR เบิกงาน Total,,,,,13
32,เต้ย,1/16/2023 0:00,ช้าง เบียร์,2,60,120
32,เต้ย,1/16/2023 0:00,น้ำแข็ง,1,5,5
67,เต้ย,1/17/2023 0:00,ข้าว,2,5,10
67,เต้ย,1/17/2023 0:00,กับข้าว 25,2,25,50
67,เต้ย,1/17/2023 0:00,น้ำแข็ง,1,5,5
120,เต้ย,1/17/2023 0:00,ช้าง เบียร์,2,60,120
120,เต้ย,1/17/2023 0:00,บะหมี่กล่อง 30,1,30,30
120,เต้ย,1/17/2023 0:00,น้ำแข็ง,1,5,5
143,เต้ย,1/18/2023 0:00,น้ำแข็ง,1,5,5
143,เต้ย,1/18/2023 0:00,ข้าว,2,5,10
143,เต้ย,1/18/2023 0:00,กับข้าว 25,2,25,50
192,เต้ย,1/18/2023 0:00,ช้าง เบียร์,2,60,120
192,เต้ย,1/18/2023 0:00,น้ำแข็ง,1,5,5
192,เต้ย,1/18/2023 0:00,บะหมี่กล่อง 30,1,30,30
295,เต้ย,1/20/2023 0:00,กับข้าว 25,2,25,50
295,เต้ย,1/20/2023 0:00,ข้าว,2,5,10
300,เต้ย,1/20/2023 0:00,น้ำแข็ง,1,5,5
342,เต้ย,1/20/2023 0:00,ช้าง เบียร์,1,60,60
342,เต้ย,1/20/2023 0:00,น้ำแข็ง,1,5,5
344,เต้ย,1/20/2023 0:00,หมูปิ้ง,1,25,25
344,เต้ย,1/20/2023 0:00,ข้าวเหนียว,1,5,5
381,เต้ย,1/21/2023 0:00,ข้าวหมูแดง,1,35,35
381,เต้ย,1/21/2023 0:00,ข้าวเหนียว,2,5,10
381,เต้ย,1/21/2023 0:00,กับข้าว 25,2,25,50
418,เต้ย,1/21/2023 0:00,แคปหมู,1,10,10
418,เต้ย,1/21/2023 0:00,ผลไม้ดอง,1,5,5
418,เต้ย,1/21/2023 0:00,ปลากระป๋อง 3 แม่ครัว 155g * 10,2,20,40
418,เต้ย,1/21/2023 0:00,ปลากระป๋องซีเชฟ * 10,1,20,20
418,เต้ย,1/21/2023 0:00,ช้าง เบียร์,2,60,120
418,เต้ย,1/21/2023 0:00,ไข่เค็ม,2,8,16
418,เต้ย,1/21/2023 0:00,ไข่เยี่ยวม้า,3,8,24
418,เต้ย,1/21/2023 0:00,ผักกาดดอง นกพิราบ * 6,2,20,40
418,เต้ย,1/21/2023 0:00,ไก่เสียบไม้ 35,1,40,40
418,เต้ย,1/21/2023 0:00,ข้าวเหนียว,2,5,10
567,เต้ย,1/21/2023 0:00,น้ำแข็ง,1,5,5
429,เต้ย,1/23/2023 0:00,น้ำแข็ง,1,5,5
429,เต้ย,1/23/2023 0:00,กับข้าว 25,2,25,50
429,เต้ย,1/23/2023 0:00,ข้าว,2,5,10
471,เต้ย,1/23/2023 0:00,ช้าง เบียร์,1,60,60
471,เต้ย,1/23/2023 0:00,น้ำแข็ง,1,5,5
471,เต้ย,1/23/2023 0:00,บะหมี่กล่อง 35,1,35,35
491,เต้ย,1/24/2023 0:00,ข้าว,2,5,10
491,เต้ย,1/24/2023 0:00,น้ำแข็ง,1,5,5
491,เต้ย,1/24/2023 0:00,กับข้าว 25,2,25,50
543,เต้ย,1/24/2023 0:00,ช้าง เบียร์,2,60,120
543,เต้ย,1/24/2023 0:00,น้ำแข็ง,1,5,5
543,เต้ย,1/24/2023 0:00,ปลาราดพริก,1,35,35
588,เต้ย,1/25/2023 0:00,ข้าว,2,5,10
588,เต้ย,1/25/2023 0:00,กับข้าว 25,1,25,25
588,เต้ย,1/25/2023 0:00,ไก่เสียบไม้ 40,1,40,40
589,เต้ย,1/25/2023 0:00,น้ำแข็ง,1,5,5
626,เต้ย,1/25/2023 0:00,น้ำแข็ง,1,5,5
626,เต้ย,1/25/2023 0:00,ก๊วยจั๊บ,1,35,35
626,เต้ย,1/25/2023 0:00,ช้าง เบียร์,2,60,120
700,เต้ย,1/26/2023 0:00,ช้าง เบียร์,2,60,120
700,เต้ย,1/26/2023 0:00,น้ำแข็ง,1,5,5
700,เต้ย,1/26/2023 0:00,กับข้าว 25,1,25,25
700,เต้ย,1/26/2023 0:00,ไก่ทอด,1,25,25
659,เต้ย,1/26/2023 9:59,น้ำแข็ง,1,5,5
659,เต้ย,1/26/2023 9:59,กับข้าว 25,1,25,25
659,เต้ย,1/26/2023 9:59,ข้าวเหนียว,2,5,10
,เต้ย Total,,,,,1870
36,เต่า,1/16/2023 0:00,ช้าง เบียร์,1,60,60
81,เต่า,1/17/2023 0:00,ไก่ทอด,1,25,25
187,เต่า,1/18/2023 0:00,ช้าง เบียร์,1,60,60
258,เต่า,1/19/2023 0:00,สบู่ อิงอร มะละกอ,1,33,33
258,เต่า,1/19/2023 0:00,ช้าง เบียร์,2,60,120
270,เต่า,1/19/2023 0:00,ปลาหมึกแห้ง,1,25,25
306,เต่า,1/20/2023 0:00,กับข้าว 25,1,25,25
306,เต่า,1/20/2023 0:00,จ๋อม เล็ก,1,12,12
337,เต่า,1/20/2023 0:00,ช้าง เบียร์,1,60,60
337,เต่า,1/20/2023 0:00,ไข่ไก่,10,5,50
386,เต่า,1/21/2023 0:00,ไก่ทอด,1,25,25
412,เต่า,1/21/2023 0:00,ช้าง เบียร์,2,60,120
442,เต่า,1/23/2023 0:00,กับข้าว 25,1,25,25
442,เต่า,1/23/2023 0:00,จ๋อม เล็ก,1,12,12
464,เต่า,1/23/2023 0:00,น้ำจิ้มสุกี้กวางตุ้ง พันท้าย 830g * 3,1,115,115
464,เต่า,1/23/2023 0:00,ชูรส รสดี 165/155g * 10,1,27,27
464,เต่า,1/23/2023 0:00,ชูรส ถ้วยแดง อายิโนะโมโตะ 250g * 20,1,31,31
464,เต่า,1/23/2023 0:00,ช้าง เบียร์,1,60,60
466,เต่า,1/23/2023 0:00,แป้งเด็ก johnson 180g * 6,1,29,29
512,เต่า,1/24/2023 0:00,จ๋อม เล็ก,1,12,12
534,เต่า,1/24/2023 0:00,ช้าง เบียร์,1,60,60
548,เต่า,1/24/2023 0:00,ไข่ไก่,30,5,150
548,เต่า,1/24/2023 0:00,น้ำตาลทรายแดง,1,25,25
548,เต่า,1/24/2023 0:00,ปลากระป๋อง 3 แม่ครัว 155g * 10,2,20,40
612,เต่า,1/25/2023 0:00,ขนมจีน,1,12,12
622,เต่า,1/25/2023 0:00,ช้าง เบียร์,1,60,60
,เต่า Total,,,,,1213
61,เพชร,1/16/2023 0:00,น้ำจิ้มสุกี้กวางตุ้ง พันท้าย 330g * 6,1,60,60
61,เพชร,1/16/2023 0:00,เต้าหู้ไข่ไก่ ตราแม่บ้าน 105g*10,2,11,22
61,เพชร,1/16/2023 0:00,เอสขวด,1,10,10
61,เพชร,1/16/2023 0:00,BKP แฟรงค์ไก่รมควันหนังกรอบ 500g,1,85,85
61,เพชร,1/16/2023 0:00,ฟรุ๊ตกัมมี่ดราก้อน สตรอเบอร์รี่ * 12,1,5,5
61,เพชร,1/16/2023 0:00,ไส้กรอกระเบิด SPC 500g,1,65,65
61,เพชร,1/16/2023 0:00,ทิวลี่บอล * 12,2,5,10
63,เพชร,1/16/2023 0:00,สบู่ อิงอร มะข้าม,1,33,33
571,เพชร,1/16/2023 0:00,โบโลน่า CP 150g * 3,1,38,38
90,เพชร,1/17/2023 0:00,m100/m150 150ml * 50,2,12,24
90,เพชร,1/17/2023 0:00,ข้าวเหนียว,1,5,5
90,เพชร,1/17/2023 0:00,ไก่ทอด,1,25,25
136,เพชร,1/17/2023 0:00,โออิชิ แตงโม,1,15,15
136,เพชร,1/17/2023 0:00,ไก่ทอด,1,25,25
164,เพชร,1/18/2023 0:00,ข้าวเหนียว,1,5,5
164,เพชร,1/18/2023 0:00,โสม 100ml * 50,1,10,10
164,เพชร,1/18/2023 0:00,กระทิงแดง 100ml * 50,1,10,10
164,เพชร,1/18/2023 0:00,กับข้าว 25,1,25,25
203,เพชร,1/18/2023 0:00,เอสขวด,1,10,10
203,เพชร,1/18/2023 0:00,กับข้าว 25,1,25,25
203,เพชร,1/18/2023 0:00,ผัดไท 35,1,35,35
203,เพชร,1/18/2023 0:00,ก๊วยจั๊บ,1,35,35
211,เพชร,1/18/2023 0:00,ไข่ไก่,10,5,50
211,เพชร,1/18/2023 0:00,เห็ดกลม,2,16,32
211,เพชร,1/18/2023 0:00,yoyo * 12,1,5,5
211,เพชร,1/18/2023 0:00,ขนมโรล Fershay Roll รส strawberry * 12 แถม 2,1,5,5
211,เพชร,1/18/2023 0:00,ทิวลี่บอล * 12,1,5,5
211,เพชร,1/18/2023 0:00,ฟรุ๊ตกัมมี่ดราก้อน สตรอเบอร์รี่ * 12,1,5,5
234,เพชร,1/19/2023 0:00,ขนมหวาน,1,12,12
234,เพชร,1/19/2023 0:00,กาแฟกระป๋อง เบอร์ดี้ burdy เขียว 180ml * 30,1,15,15
234,เพชร,1/19/2023 0:00,ไก่ทอด,1,25,25
234,เพชร,1/19/2023 0:00,ข้าวเหนียว,1,5,5
284,เพชร,1/19/2023 0:00,แฟนต้า เขียว 330ml * 12,1,13,13
284,เพชร,1/19/2023 0:00,กับข้าว 25,1,25,25
284,เพชร,1/19/2023 0:00,ฟริทซี โคล่า * 12,2,5,10
284,เพชร,1/19/2023 0:00,ฟริทซี สตอร์เบอร์รี่ * 12,2,5,10
303,เพชร,1/20/2023 0:00,แคมปัส,1,5,5
303,เพชร,1/20/2023 0:00,โอริโอ้ black pink * 9,1,6,6
304,เพชร,1/20/2023 0:00,ข้าวเหนียว,2,5,10
304,เพชร,1/20/2023 0:00,ขนมจีน,1,12,12
310,เพชร,1/20/2023 0:00,ไก่เสียบไม้ 35,1,40,40
312,เพชร,1/20/2023 0:00,กระทิงแดง extra abc 145ml * 10,1,10,10
312,เพชร,1/20/2023 0:00,ข้าวเหนียว,1,5,5
312,เพชร,1/20/2023 0:00,ไก่เสียบไม้ เล็ก,2,10,20
312,เพชร,1/20/2023 0:00,กาแฟกระป๋อง เบอร์ดี้ burdy เขียว 180ml * 30,1,15,15
346,เพชร,1/20/2023 0:00,ข้าวต้ม มาม่า เล้งแซ่บ * 6,3,20,60
346,เพชร,1/20/2023 0:00,เอสขวด,1,10,10
346,เพชร,1/20/2023 0:00,โออิชิ แตงโม,1,15,15
346,เพชร,1/20/2023 0:00,ขนมจีน,1,12,12
346,เพชร,1/20/2023 0:00,ขนม,1,5,5
346,เพชร,1/20/2023 0:00,ขนมโรล Fershay Roll รสกล้วย * 12,1,5,5
346,เพชร,1/20/2023 0:00,ไข่ไก่,5,5,25
380,เพชร,1/21/2023 0:00,ทวิสโก้รสบาร์บีคิว 68g * 3,1,20,20
382,เพชร,1/21/2023 0:00,กับข้าว 25,3,25,75
382,เพชร,1/21/2023 0:00,กาแฟกระป๋อง เบอร์ดี้ burdy เขียว 180ml * 30,1,15,15
382,เพชร,1/21/2023 0:00,ขนมหวาน,1,12,12
419,เพชร,1/21/2023 0:00,ปูอัดสลัด,1,35,35
437,เพชร,1/23/2023 0:00,กับข้าว 25,1,25,25
437,เพชร,1/23/2023 0:00,ขนมหวาน,1,12,12
437,เพชร,1/23/2023 0:00,น้ำผลไม้ D ใหญ่,1,10,10
476,เพชร,1/23/2023 0:00,เห็ดเข็มทอง,1,16,16
476,เพชร,1/23/2023 0:00,BKP แฟรงค์ไก่รมควันหนังกรอบ 500g,1,85,85
476,เพชร,1/23/2023 0:00,หอยดอง,1,12,12
476,เพชร,1/23/2023 0:00,ไข่ไก่,5,5,25
476,เพชร,1/23/2023 0:00,ปลากระป๋อง ซีเชฟ * 10,2,20,40
478,เพชร,1/23/2023 0:00,ขนมหวาน,1,12,12
478,เพชร,1/23/2023 0:00,เป๊ปซี่ 300ml * 24,2,13,26
478,เพชร,1/23/2023 0:00,ไก่เสียบไม้ 40,1,40,40
479,เพชร,1/23/2023 0:00,ข้าวหอมมะลิ พนมรุ้ง 5kg,1,155,155
479,เพชร,1/23/2023 0:00,ข้าวแข็ง พิกุลแก้ว 5kg,1,115,115
486,เพชร,1/24/2023 0:00,โสม 100ml * 50,1,10,10
486,เพชร,1/24/2023 0:00,กระทิงแดง extra abc 145ml * 10,1,10,10
486,เพชร,1/24/2023 0:00,ข้าว,1,5,5
486,เพชร,1/24/2023 0:00,กับข้าว 25,1,25,25
492,เพชร,1/24/2023 0:00,ขนมโรล Fershay Roll รสกล้วย * 12,1,5,5
492,เพชร,1/24/2023 0:00,ข้าวเหนียว,1,5,5
492,เพชร,1/24/2023 0:00,กับข้าว 25,1,25,25
492,เพชร,1/24/2023 0:00,ขนมหวาน,1,12,12
551,เพชร,1/24/2023 0:00,ช้าง เบียร์,1,60,60
639,เพชร,1/25/2023 0:00,แฟนต้า เขียว 330ml * 12,1,13,13
639,เพชร,1/25/2023 0:00,มโนราห์เผือก * 12,1,5,5
639,เพชร,1/25/2023 0:00,FF มะเขือเทศ,1,5,5
639,เพชร,1/25/2023 0:00,แคปหมู,2,10,20
708,เพชร,1/26/2023 0:00,แคปหมู,2,10,20
708,เพชร,1/26/2023 0:00,คาราด้า * 12,2,5,10
708,เพชร,1/26/2023 0:00,แฟนต้า เขียว 330ml * 12,1,13,13
708,เพชร,1/26/2023 0:00,สไปร์ท 330ml,1,13,13
722,เพชร,1/27/2023 0:00,ข้าว,1,5,5
722,เพชร,1/27/2023 0:00,ข้าวเหนียว,1,5,5
722,เพชร,1/27/2023 0:00,เนส กาแฟกระป๋อง เอสเปรสโซ เขียว * 30,1,15,15
722,เพชร,1/27/2023 0:00,โสม 100ml * 50,1,10,10
722,เพชร,1/27/2023 0:00,น้ำผลไม้ D เล็ก,1,5,5
762,เพชร,1/27/2023 0:00,ปลาทู,1,35,35
762,เพชร,1/27/2023 0:00,มิรินด้า ส้ม 345ml * 12,1,10,10
762,เพชร,1/27/2023 0:00,นมข้นหวาน มะลิ 355g * 6,1,29,29
765,เพชร,1/27/2023 0:00,บิสชิน รสมะพร้าว * 12,2,6,12
765,เพชร,1/27/2023 0:00,ทิวลี่ บิ๊กแบง ซอล์ดเท็คคาราเมล * 1,3,5,15
765,เพชร,1/27/2023 0:00,โอริโอ้ black pink * 9,1,6,6
765,เพชร,1/27/2023 0:00,โอริโอ้ รส สตอร์เบอร์รี่,1,5,5
,เพชร Total,,,,,1859
65,แตน,1/16/2023 0:00,สบูู่่ protex ซากุระ,1,33,33
65,แตน,1/16/2023 0:00,ปลากระป๋อง 3 แม่ครัว 155g * 10,2,20,40
83,แตน,1/17/2023 0:00,แลคตาซอย รสหวาน 300ml * 36,1,11,11
83,แตน,1/17/2023 0:00,ปลาทูทอด,1,30,30
83,แตน,1/17/2023 0:00,Hi น้ำส้ม 200%,1,15,15
172,แตน,1/18/2023 0:00,Hi น้ำส้ม 200%,1,15,15
172,แตน,1/18/2023 0:00,แลคตาซอย รสหวาน 300ml * 36,1,11,11
172,แตน,1/18/2023 0:00,กับข้าว 25,1,25,25
226,แตน,1/19/2023 0:00,Hi น้ำส้ม 200%,1,15,15
226,แตน,1/19/2023 0:00,กับข้าว 25,1,25,25
311,แตน,1/20/2023 0:00,Hi น้ำส้ม 200%,1,15,15
311,แตน,1/20/2023 0:00,แลคตาซอย รสหวาน 300ml * 36,1,11,11
377,แตน,1/21/2023 0:00,Hi น้ำส้ม 200%,1,15,15
377,แตน,1/21/2023 0:00,แลคตาซอย รสหวาน 300ml * 36,1,11,11
377,แตน,1/21/2023 0:00,กับข้าว 25,1,25,25
425,แตน,1/21/2023 0:00,ไข่ไก่,30,5,150
425,แตน,1/21/2023 0:00,แลคตาซอย รสหวาน 300ml * 36,1,11,11
425,แตน,1/21/2023 0:00,ชูรส ถ้วยแดง อายิโนะโมโตะ 250g * 20,1,31,31
425,แตน,1/21/2023 0:00,บรีสเอกเซล ผง,1,20,20
425,แตน,1/21/2023 0:00,ชูรส รสดี 165/155g * 10,1,27,27
436,แตน,1/23/2023 0:00,แลคตาซอย รสหวาน 300ml * 36,1,11,11
436,แตน,1/23/2023 0:00,กับข้าว 25,1,25,25
436,แตน,1/23/2023 0:00,Hi เลม่อน 200%,1,15,15
511,แตน,1/24/2023 0:00,Hi ส้ม 200%,1,15,15
511,แตน,1/24/2023 0:00,แลคตาซอย รสหวาน 300ml * 36,1,11,11
593,แตน,1/25/2023 0:00,แลคตาซอย รสหวาน 300ml * 36,1,11,11
593,แตน,1/25/2023 0:00,ข้าว,1,5,5
593,แตน,1/25/2023 0:00,Hi ส้ม 200%,1,15,15
694,แตน,1/26/2023 0:00,นมเปรี้ยวขวด เมจิ meiji ญ,1,25,25
694,แตน,1/26/2023 0:00,เทสโต้ รสปลา 3 รส 42g/46g * 6,1,20,20
695,แตน,1/26/2023 0:00,โปเต้ 32/27g * 6,1,10,10
725,แตน,1/27/2023 0:00,ข้าว,1,5,5
725,แตน,1/27/2023 0:00,ปลาทูทอด,1,30,30
725,แตน,1/27/2023 0:00,แลคตาซอย รสหวาน 300ml * 36,1,11,11
725,แตน,1/27/2023 0:00,Hi ส้ม 200%,1,15,15
764,แตน,1/27/2023 0:00,ปลาทู,1,35,35
764,แตน,1/27/2023 0:00,ขนมข้าวโพด รสนม,1,6,6
,แตน Total,,,,,728
87,แป๊ะ,1/17/2023 0:00,กับข้าว 25,1,25,25
87,แป๊ะ,1/17/2023 0:00,ปาท๋องโก๋ยัดสังขยา,1,12,12
87,แป๊ะ,1/17/2023 0:00,ขนมหวาน,2,12,24
87,แป๊ะ,1/17/2023 0:00,บ๊วย * 10,1,15,15
87,แป๊ะ,1/17/2023 0:00,ข้าว,2,5,10
87,แป๊ะ,1/17/2023 0:00,คาราบาว 150ml * 50,1,10,10
122,แป๊ะ,1/17/2023 0:00,เอส ฟ้า กามิกาเซ่ 360ml * 12,1,10,10
122,แป๊ะ,1/17/2023 0:00,น้ำแข็ง,1,5,5
122,แป๊ะ,1/17/2023 0:00,บ๊วย * 10,1,15,15
122,แป๊ะ,1/17/2023 0:00,ขนมหวาน,3,12,36
122,แป๊ะ,1/17/2023 0:00,ลอดช่อง ล,1,12,12
366,แป๊ะ,1/21/2023 0:00,ข้าว,3,5,15
366,แป๊ะ,1/21/2023 0:00,ปาท๋องโก๋ยัดสังขยา,1,12,12
366,แป๊ะ,1/21/2023 0:00,กาแฟกระป๋อง โรบัสต้า เบอร์ดี้ burdy แดง 180ml * 30,1,15,15
366,แป๊ะ,1/21/2023 0:00,กับข้าว 25,2,25,50
405,แป๊ะ,1/21/2023 0:00,น้ำแข็ง,1,5,5
405,แป๊ะ,1/21/2023 0:00,มิรินด้า ลิ้นจี่ 345ml * 12,1,10,10
405,แป๊ะ,1/21/2023 0:00,ปลากระป๋อง โรซ่า,2,20,40
405,แป๊ะ,1/21/2023 0:00,ไข่ไก่,6,5,30
405,แป๊ะ,1/21/2023 0:00,ปลาทูทอด,1,30,30
440,แป๊ะ,1/23/2023 0:00,กับข้าว 25,3,25,75
440,แป๊ะ,1/23/2023 0:00,เบอร์ดี้ กาแฟกระป๋อง โรบัสต้า 180ml * 30,1,15,15
440,แป๊ะ,1/23/2023 0:00,ปาท๋องโก๋ยัดสังขยา,1,12,12
440,แป๊ะ,1/23/2023 0:00,น้ำ ใหญ่ * 6,1,10,10
440,แป๊ะ,1/23/2023 0:00,ขนมหวาน,1,12,12
450,แป๊ะ,1/23/2023 0:00,ข้าวเหนียว,3,5,15
474,แป๊ะ,1/23/2023 0:00,แฟนต้า องุ่น 330ml * 12,1,13,13
474,แป๊ะ,1/23/2023 0:00,ลอดช่อง ล,2,12,24
474,แป๊ะ,1/23/2023 0:00,น้ำแข็ง,1,5,5
474,แป๊ะ,1/23/2023 0:00,เลย์ 20,1,20,20
501,แป๊ะ,1/24/2023 0:00,ข้าวกล่อง 35,1,35,35
501,แป๊ะ,1/24/2023 0:00,ขนมหวาน,2,12,24
501,แป๊ะ,1/24/2023 0:00,บ๊วย * 10,1,15,15
501,แป๊ะ,1/24/2023 0:00,เบอร์ดี้ กาแฟกระป๋อง โรบัสต้า แดง 180ml * 30,1,15,15
501,แป๊ะ,1/24/2023 0:00,ข้าว,2,5,10
501,แป๊ะ,1/24/2023 0:00,กับข้าว 25,1,25,25
541,แป๊ะ,1/24/2023 0:00,น้ำแข็ง,1,5,5
541,แป๊ะ,1/24/2023 0:00,เอส ขาว ลิ้นจี่ 360ml * 12,1,10,10
541,แป๊ะ,1/24/2023 0:00,กระเทียม,1,10,10
541,แป๊ะ,1/24/2023 0:00,พริกป่น,1,10,10
541,แป๊ะ,1/24/2023 0:00,จ๋อม เล็ก,2,12,24
541,แป๊ะ,1/24/2023 0:00,แจ๋ว,1,12,12
541,แป๊ะ,1/24/2023 0:00,ชูรส ถ้วยแดง อายิโนะโมโตะ 250g,1,31,31
782,แป๊ะ,1/26/2023 0:00,น้ำแข็ง,1,5,5
782,แป๊ะ,1/26/2023 0:00,ทิวลี่ทวิน วานิลลา * 12,4,5,20
782,แป๊ะ,1/26/2023 0:00,น้ำจิ้มสุกี้กวางตุ้ง พันท้าย 330g * 6,1,60,60
782,แป๊ะ,1/26/2023 0:00,หมูนุ่มแช่ฟรีส SPC FZ 1kg,1,125,125
646,แป๊ะ,1/26/2023 9:29,ข้าว,4,5,20
646,แป๊ะ,1/26/2023 9:29,กับข้าว 25,2,25,50
646,แป๊ะ,1/26/2023 9:29,เบอร์ดี้ กาแฟกระป๋อง โรบัสต้า แดง 180ml * 30,1,15,15
646,แป๊ะ,1/26/2023 9:29,ขนมหวาน,2,12,24
647,แป๊ะ,1/26/2023 9:29,น้ำ ใหญ่ * 6,1,10,10
675,แป๊ะ,1/26/2023 10:14,แมส * 10,1,12,12
751,แป๊ะ,1/27/2023 0:00,น้ำแข็ง,1,5,5
751,แป๊ะ,1/27/2023 0:00,เอส ขาว ลิ้นจี่ 360ml * 12,1,10,10
751,แป๊ะ,1/27/2023 0:00,ขนมหวาน,2,12,24
751,แป๊ะ,1/27/2023 0:00,จ๋อม เล็ก,1,12,12
766,แป๊ะ,1/27/2023 0:00,ปลาส้ม,1,35,35
766,แป๊ะ,1/27/2023 0:00,ข้าวเหนียว 10,1,10,10
766,แป๊ะ,1/27/2023 0:00,ปลาทูทอด,1,30,30
766,แป๊ะ,1/27/2023 0:00,เบอร์ดี้ กาแฟกระป๋อง โรบัสต้า แดง 180ml * 30,1,15,15
766,แป๊ะ,1/27/2023 0:00,ลอดช่อง ล,1,12,12
766,แป๊ะ,1/27/2023 0:00,ขนมหวาน,1,12,12
766,แป๊ะ,1/27/2023 0:00,ข้าว,2,5,10
,แป๊ะ Total,,,,,1324
35,แพท,1/16/2023 0:00,หมูยอ ARO * 5,1,20,20
35,แพท,1/16/2023 0:00,ข้าวเหนียว,3,5,15
35,แพท,1/16/2023 0:00,กับข้าว 25,1,25,25
70,แพท,1/17/2023 0:00,น้ำหวาน hell blue boy,1,65,65
70,แพท,1/17/2023 0:00,น้ำแข็ง,2,5,10
70,แพท,1/17/2023 0:00,ข้าวเหนียว,3,5,15
70,แพท,1/17/2023 0:00,ไก่เสียบไม้ 35,1,40,40
70,แพท,1/17/2023 0:00,ขนมจีน,2,12,24
94,แพท,1/17/2023 0:00,ไวตามิ้ลค์ vitamilk ขวด 300ml * 24,1,15,15
94,แพท,1/17/2023 0:00,m100/m150 150ml * 50,1,12,12
121,แพท,1/17/2023 0:00,หมูยอ ARO * 5,2,20,40
121,แพท,1/17/2023 0:00,แคปหมู,2,10,20
125,แพท,1/17/2023 0:00,แป้ง protex 50g,1,14,14
125,แพท,1/17/2023 0:00,พริกป่น,1,10,10
126,แพท,1/17/2023 0:00,น้ำแข็ง,1,5,5
169,แพท,1/18/2023 0:00,น้ำแข็ง,1,5,5
169,แพท,1/18/2023 0:00,ไวตามิ้ลค์ vitamilk ขวด 300ml * 24,1,15,15
169,แพท,1/18/2023 0:00,sponsor 250ml * 24,1,12,12
169,แพท,1/18/2023 0:00,แคปหมู,1,10,10
194,แพท,1/18/2023 0:00,แคปหมู,2,10,20
194,แพท,1/18/2023 0:00,ลูกชิ้นไก่ เอ็ม อาร์ 500g,1,68,68
194,แพท,1/18/2023 0:00,ข้าวเหนียว,4,5,20
194,แพท,1/18/2023 0:00,แหนม แท่ง/ก้อน,1,30,30
194,แพท,1/18/2023 0:00,น้ำแข็ง,1,5,5
212,แพท,1/19/2023 0:00,ขนมจีน,2,12,24
212,แพท,1/19/2023 0:00,มาม่า ต้มยำกุ้งน้ำข้น * 40,2,7,14
212,แพท,1/19/2023 0:00,กับข้าว 25,1,25,25
212,แพท,1/19/2023 0:00,ข้าวเหนียว,4,5,20
222,แพท,1/19/2023 0:00,น้ำแข็ง,1,5,5
222,แพท,1/19/2023 0:00,m100/m150 150ml * 50,1,12,12
222,แพท,1/19/2023 0:00,sponsor 250ml * 24,1,12,12
222,แพท,1/19/2023 0:00,แคปหมู,2,10,20
275,แพท,1/19/2023 0:00,มาม่า ต้มยำกุ้งน้ำข้น * 40,2,7,14
275,แพท,1/19/2023 0:00,น้ำจิ้มสุกี้กวางตุ้ง พันท้าย 330g * 6,1,60,60
275,แพท,1/19/2023 0:00,ไข่ไก่,1,5,5
275,แพท,1/19/2023 0:00,ข้าวเหนียว,1,5,5
777,แพท,1/19/2023 0:00,แคปหมู,2,10,20
287,แพท,1/20/2023 0:00,มาม่า ต้มยำกุ้งน้ำข้น * 40,2,7,14
287,แพท,1/20/2023 0:00,ข้าวเหนียว,5,5,25
287,แพท,1/20/2023 0:00,ไก่เสียบไม้ 35,1,40,40
287,แพท,1/20/2023 0:00,ไก่เสียบไม้ เล็ก,2,10,20
302,แพท,1/20/2023 0:00,น้ำแข็ง,1,5,5
302,แพท,1/20/2023 0:00,ไวตามิ้ลค์ vitamilk ขวด 300ml * 24,1,15,15
302,แพท,1/20/2023 0:00,m100/m150 150ml * 50,1,12,12
343,แพท,1/20/2023 0:00,น้ำแข็ง,1,5,5
343,แพท,1/20/2023 0:00,มาม่า ต้มยำกุ้งน้ำข้น * 40,2,7,14
343,แพท,1/20/2023 0:00,แหนม แท่ง/ก้อน,1,30,30
343,แพท,1/20/2023 0:00,ข้าวเหนียว,3,5,15
343,แพท,1/20/2023 0:00,ไข่ไก่,2,5,10
350,แพท,1/20/2023 0:00,แคปหมู,1,10,10
367,แพท,1/21/2023 0:00,น้ำแข็ง,2,5,10
367,แพท,1/21/2023 0:00,แคปหมู,1,10,10
367,แพท,1/21/2023 0:00,ข้าวเหนียว,5,5,25
367,แพท,1/21/2023 0:00,m100/m150 150ml * 50,1,12,12
367,แพท,1/21/2023 0:00,กับข้าว 25,1,25,25
367,แพท,1/21/2023 0:00,ไก่ทอด,1,25,25
367,แพท,1/21/2023 0:00,ขนมจีน,1,12,12
417,แพท,1/21/2023 0:00,ไข่เยี่ยวม้า,4,8,32
417,แพท,1/21/2023 0:00,แคปหมู,2,10,20
417,แพท,1/21/2023 0:00,ช้าง เบียร์,2,60,120
493,แพท,1/24/2023 0:00,ข้าวเหนียว,2,5,10
493,แพท,1/24/2023 0:00,ไก่เสียบไม้ 40,1,40,40
544,แพท,1/24/2023 0:00,ไข่ไก่,5,5,25
544,แพท,1/24/2023 0:00,แคปหมู,1,10,10
544,แพท,1/24/2023 0:00,ข้าว,1,5,5
544,แพท,1/24/2023 0:00,มาม่า ต้มยำกุ้งน้ำข้น * 40,3,7,21
578,แพท,1/25/2023 0:00,ขนมจีน,1,12,12
578,แพท,1/25/2023 0:00,ไก่เสียบไม้ 40,1,40,40
578,แพท,1/25/2023 0:00,พริกป่น,1,10,10
578,แพท,1/25/2023 0:00,กับข้าว 25,1,25,25
578,แพท,1/25/2023 0:00,ข้าวเหนียว,3,5,15
578,แพท,1/25/2023 0:00,มาม่าซอง ต้มยำกุ้งน้ำข้น * 40,2,7,14
603,แพท,1/25/2023 0:00,น้ำแข็ง,1,5,5
603,แพท,1/25/2023 0:00,m100/m150 150ml * 50,1,12,12
603,แพท,1/25/2023 0:00,คาราบาว 150ml * 50,1,10,10
603,แพท,1/25/2023 0:00,sponsor 250ml * 24,1,12,12
606,แพท,1/25/2023 0:00,ไฟแช็ค Taiyo,1,8,8
632,แพท,1/25/2023 0:00,แหนม แท่ง/ก้อน,1,30,30
632,แพท,1/25/2023 0:00,แคปหมู,2,10,20
698,แพท,1/26/2023 0:00,น้ำแข็ง,1,5,5
698,แพท,1/26/2023 0:00,แคปหมู,2,10,20
698,แพท,1/26/2023 0:00,มาม่าซอง ต้มยำกุ้งน้ำข้น * 40,3,7,21
698,แพท,1/26/2023 0:00,แหนม แท่ง/ก้อน,1,30,30
704,แพท,1/26/2023 0:00,ไข่ไก่,2,5,10
660,แพท,1/26/2023 10:00,ข้าวเหนียว,2,5,10
660,แพท,1/26/2023 10:00,ไก่เสียบไม้ 40,1,40,40
673,แพท,1/26/2023 10:13,มาม่าซอง ต้มยำกุ้งน้ำข้น * 40,2,7,14
728,แพท,1/27/2023 0:00,m100/m150 150ml * 50,1,12,12
728,แพท,1/27/2023 0:00,sponsor 250ml * 24,1,12,12
728,แพท,1/27/2023 0:00,น้ำแข็ง,1,5,5
754,แพท,1/27/2023 0:00,น้ำแข็ง,1,5,5
754,แพท,1/27/2023 0:00,แคปหมู,2,10,20
754,แพท,1/27/2023 0:00,ไข่เยี่ยวม้า ชมพู,5,8,40
754,แพท,1/27/2023 0:00,กับข้าว 25,1,25,25
754,แพท,1/27/2023 0:00,ข้าวเหนียว,2,5,10
769,แพท,1/27/2023 0:00,ขนมจีน,1,12,12
769,แพท,1/27/2023 0:00,ไก่เสียบไม้ 10,2,10,20
769,แพท,1/27/2023 0:00,ข้าวเหนียว,5,5,25
769,แพท,1/27/2023 0:00,กับข้าว 25,2,25,50
769,แพท,1/27/2023 0:00,มาม่าซอง ต้มยำกุ้งน้ำข้น * 40,2,7,14
769,แพท,1/27/2023 0:00,พริกป่น,1,10,10
,แพท Total,,,,,1931
31,แอน,1/16/2023 0:00,น้ำหวาน hell blue boy,1,65,65
82,แอน,1/17/2023 0:00,เนสกาแฟกระป๋อง ลาเต้ * 3,1,15,15
82,แอน,1/17/2023 0:00,ข้าวเหนียว,1,5,5
82,แอน,1/17/2023 0:00,กับข้าว 25,1,25,25
141,แอน,1/17/2023 0:00,ลูกชิ้นไก่ เอ็ม อาร์ 500g,1,68,68
166,แอน,1/18/2023 0:00,เนสกาแฟกระป๋อง ลาเต้ * 3,1,15,15
184,แอน,1/18/2023 0:00,ข้าวเหนียว,2,5,10
184,แอน,1/18/2023 0:00,หมูยอ ARO * 5,1,20,20
230,แอน,1/19/2023 0:00,เนสกาแฟกระป๋อง ลาเต้ * 3,1,15,15
313,แอน,1/20/2023 0:00,ข้าวเหนียว,1,5,5
313,แอน,1/20/2023 0:00,เนสกาแฟกระป๋อง ลาเต้ * 3,1,15,15
324,แอน,1/20/2023 0:00,อิชิตัน 280ml * 24,1,10,10
333,แอน,1/20/2023 0:00,น้ำ ใหญ่ * 6,2,10,20
333,แอน,1/20/2023 0:00,บรีสเอกเซล น้ำ * 6 แถม 1,1,20,20
333,แอน,1/20/2023 0:00,downy ช่อดอกไม้สดชื่น 110ml * 6+1,1,20,20
333,แอน,1/20/2023 0:00,ปลาร้า กระปุก,1,12,12
414,แอน,1/21/2023 0:00,ก๊วยจั๊บ,1,35,35
438,แอน,1/23/2023 0:00,เนส กาแฟกระป๋อง ลาเต้ * 3,1,15,15
465,แอน,1/23/2023 0:00,เคลียร์เมนแชมพู 65ml * 6,1,25,25
485,แอน,1/23/2023 0:00,yoyo * 12,2,5,10
485,แอน,1/23/2023 0:00,ดัชมิลค์ นมกล่อง * 48,1,10,10
504,แอน,1/24/2023 0:00,เนส กาแฟกระป๋อง ลาเต้ * 3,1,15,15
532,แอน,1/24/2023 0:00,น้ำ ใหญ่ * 6,2,10,20
587,แอน,1/25/2023 0:00,เนส กาแฟกระป๋อง ลาเต้ * 3,1,15,15
620,แอน,1/25/2023 0:00,downy garden bloom 110ml * 6+1,1,20,20
620,แอน,1/25/2023 0:00,น้ำ ใหญ่ * 6,2,10,20
685,แอน,1/26/2023 0:00,น้ำมะพร้าว เมจิกฟาร์ม 240ml * 6,1,10,10
709,แอน,1/26/2023 0:00,แมส * 10,1,12,12
709,แอน,1/26/2023 0:00,อิชิตัน 280ml * 24,1,10,10
664,แอน,1/26/2023 10:04,เนส กาแฟกระป๋อง ลาเต้ * 3,1,15,15
726,แอน,1/27/2023 0:00,เนส กาแฟกระป๋อง ลาเต้ * 3,1,15,15
739,แอน,1/27/2023 0:00,แคปหมู,1,10,10
,แอน Total,,,,,532
217,กิฟ,1/19/2023 0:00,เอสขวด,1,10,10
217,กิฟ,1/19/2023 0:00,น้ำตาลสด ARO 320ml * 6,1,15,15
217,กิฟ,1/19/2023 0:00,กระทิงแดง 100ml * 50,1,10,10
217,กิฟ,1/19/2023 0:00,ข้าว,2,5,10
217,กิฟ,1/19/2023 0:00,กับข้าว 25,2,25,50
217,กิฟ,1/19/2023 0:00,ขนมหวาน,1,12,12
217,กิฟ,1/19/2023 0:00,ข้าวกล่อง 35,1,35,35
256,กิฟ,1/19/2023 0:00,ข้าวแข็ง พิกุลแก้ว 5kg,1,115,115
256,กิฟ,1/19/2023 0:00,ช้าง เบียร์,1,60,60
256,กิฟ,1/19/2023 0:00,ปลากระป๋อง 3 แม่ครัว 155g * 10,1,20,20
256,กิฟ,1/19/2023 0:00,ปูอัดสลัด,1,35,35
291,กิฟ,1/20/2023 0:00,กับข้าว 25,2,25,50
291,กิฟ,1/20/2023 0:00,ข้าว,2,5,10
292,กิฟ,1/20/2023 0:00,กระทิงแดง extra abc 145ml * 10,1,10,10
292,กิฟ,1/20/2023 0:00,เอสขวด,1,10,10
292,กิฟ,1/20/2023 0:00,น้ำตาลสด ARO 320ml * 6,1,15,15
292,กิฟ,1/20/2023 0:00,ขนมหวาน,1,12,12
566,กิฟ,1/20/2023 0:00,ไข่ไก่,10,5,50
566,กิฟ,1/20/2023 0:00,ช้าง เบียร์,1,60,60
362,กิฟ,1/21/2023 0:00,ปาท๋องโก๋ยัดสังขยา,1,12,12
362,กิฟ,1/21/2023 0:00,กระทิงแดง 100ml * 50,1,10,10
362,กิฟ,1/21/2023 0:00,เอสขวด,1,10,10
362,กิฟ,1/21/2023 0:00,ข้าว,2,5,10
362,กิฟ,1/21/2023 0:00,กับข้าว 25,2,25,50
409,กิฟ,1/21/2023 0:00,แอทแทค อีซี่ขาว 20บ. * 3,1,20,20
409,กิฟ,1/21/2023 0:00,downy passion 110ml * 6+1,1,20,20
409,กิฟ,1/21/2023 0:00,ช้าง เบียร์,1,60,60
409,กิฟ,1/21/2023 0:00,มิรินด้า ลิ้นจี่ 345ml * 12,1,10,10
409,กิฟ,1/21/2023 0:00,บ๊วย * 10,1,15,15
409,กิฟ,1/21/2023 0:00,พริกป่น,1,10,10
409,กิฟ,1/21/2023 0:00,ปลากระป๋อง 3 แม่ครัว 155g * 10,1,20,20
689,กิฟ,1/26/2023 0:00,ช้าง เบียร์,1,60,60
689,กิฟ,1/26/2023 0:00,พริกป่น,1,10,10
689,กิฟ,1/26/2023 0:00,ปลากระป๋อง 3 แม่ครัว 155g * 10,1,20,20
689,กิฟ,1/26/2023 0:00,ไข่ไก่,10,5,50
693,กิฟ,1/26/2023 0:00,ไวไวซอง ต้มโคล้ง * 30,3,7,21
693,กิฟ,1/26/2023 0:00,ซอสปรุงฝาเขียว 200ml * 6,1,20,20
784,กิฟ,1/26/2023 0:00,แมส * 10,1,12,12
784,กิฟ,1/26/2023 0:00,ข้าวเหนียว,3,5,15
784,กิฟ,1/26/2023 0:00,กุนเชียง,1,25,25
784,กิฟ,1/26/2023 0:00,กับข้าว 25,2,25,50
784,กิฟ,1/26/2023 0:00,m100/m150 150ml * 50,1,12,12
784,กิฟ,1/26/2023 0:00,น้ำมะพร้าว เมจิกฟาร์ม 240ml * 6,1,10,10
784,กิฟ,1/26/2023 0:00,เอส ขวด * 24,1,10,10
651,กิฟ,1/26/2023 9:32,ข้าวเหนียวถั่วดำ,1,17,17
713,กิฟ,1/27/2023 0:00,กับข้าว 25,1,25,25
713,กิฟ,1/27/2023 0:00,ข้าว,2,5,10
713,กิฟ,1/27/2023 0:00,กระทิงแดง extra abc 145ml * 10,1,10,10
713,กิฟ,1/27/2023 0:00,บะหมี่กล่อง 25,1,25,25
713,กิฟ,1/27/2023 0:00,เอส ขวด * 24,1,10,10
713,กิฟ,1/27/2023 0:00,ขนมหวาน,1,12,12
747,กิฟ,1/27/2023 0:00,ปลาทู,2,35,70
747,กิฟ,1/27/2023 0:00,ไฟแช็ค Taiyo,1,8,8
747,กิฟ,1/27/2023 0:00,ปลากระป๋อง 3 แม่ครัว 155g * 10,1,20,20
747,กิฟ,1/27/2023 0:00,ไก่เสียบไม้ 10,2,10,20
,กิฟ Total,,,,,1378
138,จอย,1/17/2023 0:00,น้ำแข็ง,1,5,5
185,จอย,1/18/2023 0:00,พริกป่น,1,10,10
190,จอย,1/18/2023 0:00,น้ำมันถั่วเหลือง มรกต 1l * 12,1,68,68
190,จอย,1/18/2023 0:00,พริกแห้ง,1,10,10
200,จอย,1/18/2023 0:00,หอมแดง,1,10,10
,จอย Total,,,,,103
195,ชาญ,1/18/2023 0:00,ยาสีฟัน colgate fresh 35/40g * 12,1,15,15
195,ชาญ,1/18/2023 0:00,แหนม แท่ง/ก้อน,1,30,30
195,ชาญ,1/18/2023 0:00,กุนเชียง,1,25,25
195,ชาญ,1/18/2023 0:00,ไก่ทอด,1,25,25
219,ชาญ,1/19/2023 0:00,กับข้าว 25,1,25,25
219,ชาญ,1/19/2023 0:00,ข้าว,2,5,10
219,ชาญ,1/19/2023 0:00,กระทิงแดง 100ml * 50,1,10,10
280,ชาญ,1/19/2023 0:00,ช้าง เบียร์,1,60,60
280,ชาญ,1/19/2023 0:00,โบโลน่าพริก CP 150g * 3,1,38,38
289,ชาญ,1/20/2023 0:00,m100/m150 150ml * 50,1,12,12
289,ชาญ,1/20/2023 0:00,กับข้าว 25,1,25,25
289,ชาญ,1/20/2023 0:00,ข้าว,1,5,5
289,ชาญ,1/20/2023 0:00,ปลาราดพริก,1,35,35
289,ชาญ,1/20/2023 0:00,หอยดอง,1,12,12
341,ชาญ,1/20/2023 0:00,เคลียร์เมนแชมพู 65ml * 6,1,25,25
341,ชาญ,1/20/2023 0:00,โบโลน่าพริก CP 150g * 3,1,38,38
368,ชาญ,1/21/2023 0:00,m100/m150 150ml * 50,1,12,12
368,ชาญ,1/21/2023 0:00,ข้าว,2,5,10
368,ชาญ,1/21/2023 0:00,กับข้าว 25,3,25,75
415,ชาญ,1/21/2023 0:00,โบโลน่า CP 150g * 3,1,38,38
415,ชาญ,1/21/2023 0:00,ชูรส ถ้วยแดง อายิโนะโมโตะ 72g * 20,1,10,10
581,ชาญ,1/25/2023 0:00,กับข้าว 25,2,25,50
581,ชาญ,1/25/2023 0:00,กระทิงแดง 100ml * 50,1,10,10
595,ชาญ,1/25/2023 0:00,น้ำแข็ง,1,5,5
595,ชาญ,1/25/2023 0:00,มาม่าคัพ รสต้มยำกุ้ง * 6,1,15,15
633,ชาญ,1/25/2023 0:00,ปลากระป๋อง โรซ่า,1,20,20
633,ชาญ,1/25/2023 0:00,กุนเชียง,1,25,25
633,ชาญ,1/25/2023 0:00,น้ำปลา ทิพรส 700cc * 12,1,35,35
701,ชาญ,1/26/2023 0:00,โบโลน่า CP 150g * 3,1,38,38
656,ชาญ,1/26/2023 9:58,กระทิงแดง extra abc 145ml * 10,2,10,20
656,ชาญ,1/26/2023 9:58,ปลาทูทอด,1,30,30
656,ชาญ,1/26/2023 9:58,กับข้าว 25,1,25,25
656,ชาญ,1/26/2023 9:58,ขนมหวาน,1,12,12
717,ชาญ,1/27/2023 0:00,คาราบาว 150ml * 50,1,10,10
717,ชาญ,1/27/2023 0:00,แลคตาซอย รสหวาน 300ml * 36,1,11,11
717,ชาญ,1/27/2023 0:00,ข้าว,1,5,5
717,ชาญ,1/27/2023 0:00,กุนเชียง,1,25,25
752,ชาญ,1/27/2023 0:00,ปลากระป๋อง โรซ่า,1,20,20
,ชาญ Total,,,,,891
47,ดอกรัก,1/16/2023 0:00,ลีโอ leo เบียร์,2,65,130
72,ดอกรัก,1/17/2023 0:00,กาแฟกระป๋อง โรบัสต้า เบอร์ดี้ 180ml * 30,1,15,15
72,ดอกรัก,1/17/2023 0:00,คาราบาว 150ml * 50,1,10,10
72,ดอกรัก,1/17/2023 0:00,ขนมหวาน,1,12,12
72,ดอกรัก,1/17/2023 0:00,ลอดช่อง ล,1,12,12
127,ดอกรัก,1/17/2023 0:00,ลีโอ leo เบียร์,1,65,65
127,ดอกรัก,1/17/2023 0:00,ไก่เสียบไม้ 35,1,40,40
145,ดอกรัก,1/18/2023 0:00,ปาท๋องโก๋ยัดสังขยา,1,12,12
145,ดอกรัก,1/18/2023 0:00,ขนมหวาน,1,12,12
145,ดอกรัก,1/18/2023 0:00,กับข้าว 25,1,25,25
145,ดอกรัก,1/18/2023 0:00,กาแฟกระป๋อง เบอร์ดี้ burdy เขียว 180ml * 30,1,15,15
145,ดอกรัก,1/18/2023 0:00,คาราบาว 150ml * 50,1,10,10
156,ดอกรัก,1/18/2023 0:00,ยาดมโป๊ยเซียน * 12,1,24,24
205,ดอกรัก,1/18/2023 0:00,แป้งเย็นตรางู 140/150g * 3,1,35,35
205,ดอกรัก,1/18/2023 0:00,สบู่ อิงอร มะข้าม,1,33,33
775,ดอกรัก,1/18/2023 0:00,ตูดไก่,1,25,25
775,ดอกรัก,1/18/2023 0:00,หมูปิ้ง,1,25,25
775,ดอกรัก,1/18/2023 0:00,ลีโอ leo เบียร์,1,65,65
242,ดอกรัก,1/19/2023 0:00,ไก่เสียบไม้ 35,1,40,40
242,ดอกรัก,1/19/2023 0:00,คาราบาว 150ml * 50,1,10,10
242,ดอกรัก,1/19/2023 0:00,เนสกาแฟกระป๋อง เอสเปรสโซ เขียว * 30,1,15,15
242,ดอกรัก,1/19/2023 0:00,กับข้าว 25,1,25,25
242,ดอกรัก,1/19/2023 0:00,ข้าวกล่อง 35,1,35,35
242,ดอกรัก,1/19/2023 0:00,ขนมหวาน,2,12,24
242,ดอกรัก,1/19/2023 0:00,ข้าวเหนียว,2,5,10
243,ดอกรัก,1/19/2023 0:00,ขนมจีน,2,12,24
264,ดอกรัก,1/19/2023 0:00,ขนมหวาน,1,12,12
264,ดอกรัก,1/19/2023 0:00,ไวไวซอง * 30,4,7,28
773,ดอกรัก,1/19/2023 0:00,ลีโอ leo เบียร์,1,65,65
431,ดอกรัก,1/23/2023 0:00,เนส กาแฟกระป๋อง เอสเปรสโซ เขียว * 30,1,15,15
431,ดอกรัก,1/23/2023 0:00,คาราบาว 150ml * 50,1,10,10
431,ดอกรัก,1/23/2023 0:00,ข้าว,2,5,10
431,ดอกรัก,1/23/2023 0:00,ข้าวเหนียว,2,5,10
431,ดอกรัก,1/23/2023 0:00,กับข้าว 25,2,25,50
431,ดอกรัก,1/23/2023 0:00,ขนมหวาน,2,12,24
473,ดอกรัก,1/23/2023 0:00,ลีโอ leo เบียร์,1,65,65
473,ดอกรัก,1/23/2023 0:00,ทิวลี่ x ฟันโอ เหมาลัง,1,55,55
483,ดอกรัก,1/23/2023 0:00,ชิลด์ท้อกแนทเชอร์การดเหลือง 300ml * 3,1,55,55
487,ดอกรัก,1/24/2023 0:00,ขนมหวาน,2,12,24
487,ดอกรัก,1/24/2023 0:00,เนส กาแฟกระป๋อง เอสเปรสโซ เขียว * 30,1,15,15
487,ดอกรัก,1/24/2023 0:00,คาราบาว 150ml * 50,1,10,10
487,ดอกรัก,1/24/2023 0:00,กับข้าว 25,1,25,25
552,ดอกรัก,1/24/2023 0:00,ลีโอ leo เบียร์,1,65,65
575,ดอกรัก,1/25/2023 0:00,เนส กาแฟกระป๋อง เอสเปรสโซ เขียว * 30,1,15,15
575,ดอกรัก,1/25/2023 0:00,ขนมหวาน,1,12,12
575,ดอกรัก,1/25/2023 0:00,คาราบาว 150ml * 50,1,10,10
575,ดอกรัก,1/25/2023 0:00,กับข้าว 25,1,25,25
630,ดอกรัก,1/25/2023 0:00,ลีโอ leo เบียร์,1,65,65
715,ดอกรัก,1/27/2023 0:00,ข้าวเหนียว,2,5,10
715,ดอกรัก,1/27/2023 0:00,ปลาส้ม,1,35,35
715,ดอกรัก,1/27/2023 0:00,ขนมหวาน,1,12,12
715,ดอกรัก,1/27/2023 0:00,เนส กาแฟกระป๋อง เอสเปรสโซ เขียว * 30,1,15,15
715,ดอกรัก,1/27/2023 0:00,กับข้าว 25,2,25,50
715,ดอกรัก,1/27/2023 0:00,คาราบาว 150ml * 50,1,10,10
755,ดอกรัก,1/27/2023 0:00,ขนมข้าวโพด รสนม,5,6,30
755,ดอกรัก,1/27/2023 0:00,ลีโอ leo เบียร์,1,65,65
755,ดอกรัก,1/27/2023 0:00,น้ำผลไม้ D ใหญ่,1,10,10
756,ดอกรัก,1/27/2023 0:00,ขนมหวาน,2,12,24
763,ดอกรัก,1/27/2023 0:00,แฟนต้า แดง 330ml * 12,1,13,13
,ดอกรัก Total,,,,,1557
555,ทราย,1/16/2023 0:00,วุ้นเส้นสายฝน * 20,4,5,20
93,ทราย,1/17/2023 0:00,คาราบาว 150ml * 50,2,10,20
93,ทราย,1/17/2023 0:00,ขนมจีน,1,12,12
93,ทราย,1/17/2023 0:00,กับข้าว 25,1,25,25
118,ทราย,1/17/2023 0:00,ไข่ไก่,10,5,50
118,ทราย,1/17/2023 0:00,ดัชมิลค์ นมกล่อง * 48,4,10,40
147,ทราย,1/18/2023 0:00,คาราบาว 150ml * 50,2,10,20
147,ทราย,1/18/2023 0:00,ปลาทูทอด,1,30,30
147,ทราย,1/18/2023 0:00,กับข้าว 25,1,25,25
188,ทราย,1/18/2023 0:00,เห็ดเข็มทอง,2,16,32
188,ทราย,1/18/2023 0:00,เห็ดกลม,1,16,16
188,ทราย,1/18/2023 0:00,ชูรส ถ้วยแดง อายิโนะโมโตะ 250g,1,31,31
188,ทราย,1/18/2023 0:00,กะทิกล่อง อร่อยดี ใหญ่ 250ml * 6,1,25,25
188,ทราย,1/18/2023 0:00,น้ำมันถั่วเหลือง มรกต 1l * 12,1,68,68
294,ทราย,1/20/2023 0:00,กับข้าว 25,2,25,50
294,ทราย,1/20/2023 0:00,คาราบาว 150ml * 50,2,10,20
294,ทราย,1/20/2023 0:00,โลชั่นตัว Citra,1,29,29
294,ทราย,1/20/2023 0:00,ปลากระป๋อง 3 แม่ครัว 155g * 10,1,20,20
294,ทราย,1/20/2023 0:00,แป้งเด็ก johnson 65g * 12,1,13,13
335,ทราย,1/20/2023 0:00,ชูรส รสดี 70/75 * 10,1,13,13
335,ทราย,1/20/2023 0:00,กระเทียม,1,10,10
335,ทราย,1/20/2023 0:00,ซอสหอยนางรม ใหญ่ 600cc * 3,1,55,55
335,ทราย,1/20/2023 0:00,ซอสปรุุงฝาเหลือง 110ml * 6,1,15,15
383,ทราย,1/21/2023 0:00,คาราบาว 150ml * 50,2,10,20
383,ทราย,1/21/2023 0:00,กับข้าว 25,2,25,50
383,ทราย,1/21/2023 0:00,ขนมจีน,2,12,24
390,ทราย,1/21/2023 0:00,yoyo * 12,1,5,5
390,ทราย,1/21/2023 0:00,มาม่า ต้มยำกุ้ง * 40,2,7,14
413,ทราย,1/21/2023 0:00,ลีโอ leo เบียร์,1,65,65
498,ทราย,1/24/2023 0:00,ขนมจีน,2,12,24
498,ทราย,1/24/2023 0:00,คาราบาว 150ml * 50,2,10,20
498,ทราย,1/24/2023 0:00,กับข้าว 25,1,25,25
498,ทราย,1/24/2023 0:00,ขนมหวาน,1,12,12
547,ทราย,1/24/2023 0:00,น้ำตาลทรายแดง,1,25,25
547,ทราย,1/24/2023 0:00,ชูรส ถ้วยแดง อายิโนะโมโตะ 250g * 20,1,31,31
569,ทราย,1/24/2023 0:00,ยาสีฟัน saltz 40g * 12,1,17,17
569,ทราย,1/24/2023 0:00,ดัชมิลค์ นมกล่อง * 48,4,10,40
569,ทราย,1/24/2023 0:00,เจเล่บิวตี้ รสสตอร์เบอร์รี่ * 6,1,10,10
569,ทราย,1/24/2023 0:00,วุ้นเส้นสายฝน * 20,1,5,5
569,ทราย,1/24/2023 0:00,ปลากระป๋อง ซีเชฟ * 10,1,20,20
586,ทราย,1/25/2023 0:00,ข้าว,1,5,5
586,ทราย,1/25/2023 0:00,แมส * 10,1,12,12
586,ทราย,1/25/2023 0:00,ปูอัดสลัด,1,35,35
641,ทราย,1/25/2023 0:00,ฟริทซี โคล่า * 12,1,5,5
641,ทราย,1/25/2023 0:00,กะปิ กระปุก,1,12,12
641,ทราย,1/25/2023 0:00,สไปรท์ เลม่อนพลัส 330ml * 12,1,13,13
641,ทราย,1/25/2023 0:00,เนส กาแฟซอง เขียว 17g * 60,3,5,15
641,ทราย,1/25/2023 0:00,moccona กาแฟซอง เขียว,2,5,10
662,ทราย,1/26/2023 10:03,ขนมจีน,1,12,12
662,ทราย,1/26/2023 10:03,โออิชิ แตงโม,1,15,15
662,ทราย,1/26/2023 10:03,คาราบาว 150ml * 50,1,10,10
662,ทราย,1/26/2023 10:03,โสม 100ml * 50,1,10,10
758,ทราย,1/27/2023 0:00,เห็ดกลม,1,16,16
758,ทราย,1/27/2023 0:00,แชมพู ซันซิล 60/70ml * 6,1,20,20
758,ทราย,1/27/2023 0:00,ปลากระป๋อง ซีเชฟ * 10,1,20,20
758,ทราย,1/27/2023 0:00,yoyo * 12,2,5,10
,ทราย Total,,,,,1246
20,ทองสุข,1/16/2023 0:00,ลูกชิ้นไก่ เอ็ม อาร์ 500g,1,68,68
30,ทองสุข,1/16/2023 0:00,ชูรส รสดี 70/75 * 10,1,13,13
30,ทองสุข,1/16/2023 0:00,ซอสหอยนางรม ใหญ่ 600cc * 3,1,55,55
71,ทองสุข,1/17/2023 0:00,คาราบาว 150ml * 50,2,10,20
71,ทองสุข,1/17/2023 0:00,ซาร่า 10เม็ด * 100,1,15,15
71,ทองสุข,1/17/2023 0:00,กับข้าว 25,2,25,50
71,ทองสุข,1/17/2023 0:00,ไก่เสียบไม้ 35,1,40,40
106,ทองสุข,1/17/2023 0:00,ข้าวเหนียว,2,5,10
106,ทองสุข,1/17/2023 0:00,น้ำแข็ง,2,5,10
113,ทองสุข,1/17/2023 0:00,หอมแดง,2,10,20
150,ทองสุข,1/18/2023 0:00,คาราบาว 150ml * 50,2,10,20
150,ทองสุข,1/18/2023 0:00,ข้าว,1,5,5
150,ทองสุข,1/18/2023 0:00,กับข้าว 25,3,25,75
183,ทองสุข,1/18/2023 0:00,ไก่เสียบไม้ 35,1,40,40
183,ทองสุข,1/18/2023 0:00,น้ำแข็ง,2,5,10
183,ทองสุข,1/18/2023 0:00,ข้าวเหนียว,2,5,10
216,ทองสุข,1/19/2023 0:00,ข้าวเหนียว,3,5,15
216,ทองสุข,1/19/2023 0:00,กับข้าว 25,2,25,50
216,ทองสุข,1/19/2023 0:00,ตูดไก่,1,25,25
216,ทองสุข,1/19/2023 0:00,คาราบาว 150ml * 50,2,10,20
216,ทองสุข,1/19/2023 0:00,ขนมหวาน,1,12,12
244,ทองสุข,1/19/2023 0:00,ซาร่า 10เม็ด * 100,1,15,15
244,ทองสุข,1/19/2023 0:00,Air-x,1,15,15
251,ทองสุข,1/19/2023 0:00,น้ำแข็ง,2,5,10
251,ทองสุข,1/19/2023 0:00,มาม่า ต้มยำกุ้งน้ำข้น * 40,2,7,14
251,ทองสุข,1/19/2023 0:00,ข้าวเหนียว,2,5,10
251,ทองสุข,1/19/2023 0:00,ไก่เสียบไม้ 35,1,40,40
260,ทองสุข,1/19/2023 0:00,พริกแกง,1,37,37
260,ทองสุข,1/19/2023 0:00,คาราบาว 150ml * 50,2,10,20
260,ทองสุข,1/19/2023 0:00,เห็ดเข็มทอง,1,16,16
260,ทองสุข,1/19/2023 0:00,เห็ดกลม,1,16,16
299,ทองสุข,1/20/2023 0:00,ข้าวเหนียว,2,5,10
299,ทองสุข,1/20/2023 0:00,คาราบาว 150ml * 50,2,10,20
299,ทองสุข,1/20/2023 0:00,วุ้นเส้นสายฝน * 20,2,5,10
299,ทองสุข,1/20/2023 0:00,กับข้าว 25,2,25,50
322,ทองสุข,1/20/2023 0:00,น้ำแข็ง,2,5,10
322,ทองสุข,1/20/2023 0:00,ถั่วตัด,4,5,20
322,ทองสุข,1/20/2023 0:00,ข้าวเหนียว,2,5,10
322,ทองสุข,1/20/2023 0:00,ข้าวเหนียวถั่วดำ,1,17,17
322,ทองสุข,1/20/2023 0:00,กับข้าว 25,1,25,25
336,ทองสุข,1/20/2023 0:00,เห็ดกลม,2,16,32
336,ทองสุข,1/20/2023 0:00,คาราบาว 150ml * 50,2,10,20
373,ทองสุข,1/21/2023 0:00,ข้าวเหนียว,2,5,10
373,ทองสุข,1/21/2023 0:00,กับข้าว 25,2,25,50
373,ทองสุข,1/21/2023 0:00,คาราบาว 150ml * 50,2,10,20
373,ทองสุข,1/21/2023 0:00,ไก่เสียบไม้ 35,1,40,40
373,ทองสุข,1/21/2023 0:00,แมส,1,12,12
400,ทองสุข,1/21/2023 0:00,น้ำแข็ง,1,5,5
400,ทองสุข,1/21/2023 0:00,วุ้นเส้นสายฝน * 20,1,5,5
400,ทองสุข,1/21/2023 0:00,ข้าวเหนียว,2,5,10
400,ทองสุข,1/21/2023 0:00,พริกป่น,1,10,10
400,ทองสุข,1/21/2023 0:00,ตูดไก่,1,25,25
424,ทองสุข,1/21/2023 0:00,กับข้าว 25,1,25,25
424,ทองสุข,1/21/2023 0:00,BKP แฟรงค์ไก่รมควันหนังกรอบ 500g,1,85,85
424,ทองสุข,1/21/2023 0:00,น้ำแข็ง,1,5,5
424,ทองสุข,1/21/2023 0:00,น้ำยาล้างจาน savepak * 3,1,10,10
424,ทองสุข,1/21/2023 0:00,ไก่เสียบไม้ 40,1,40,40
435,ทองสุข,1/23/2023 0:00,ปลา 45,1,45,45
435,ทองสุข,1/23/2023 0:00,กุ้งสด 65,1,65,65
435,ทองสุข,1/23/2023 0:00,คาราบาว 150ml * 50,2,10,20
435,ทองสุข,1/23/2023 0:00,ข้าวเหนียว,2,5,10
435,ทองสุข,1/23/2023 0:00,กับข้าว 25,2,25,50
435,ทองสุข,1/23/2023 0:00,กระเพาะปลา,1,35,35
451,ทองสุข,1/23/2023 0:00,น้ำแข็ง,2,5,10
451,ทองสุข,1/23/2023 0:00,กระเทียม,3,10,30
451,ทองสุข,1/23/2023 0:00,ชูรส ถ้วยแดง อายิโนะโมโตะ 250g * 20,1,31,31
451,ทองสุข,1/23/2023 0:00,หอมแดง,1,10,10
463,ทองสุข,1/23/2023 0:00,ปลา 45,2,45,90
505,ทองสุข,1/24/2023 0:00,ซาร่า 10เม็ด * 100,1,15,15
505,ทองสุข,1/24/2023 0:00,คาราบาว 150ml * 50,2,10,20
505,ทองสุข,1/24/2023 0:00,กับข้าว 25,2,25,50
505,ทองสุข,1/24/2023 0:00,หอยดอง,1,12,12
506,ทองสุข,1/24/2023 0:00,ข้าวเหนียว,2,5,10
521,ทองสุข,1/24/2023 0:00,ขนมจีน,1,12,12
521,ทองสุข,1/24/2023 0:00,ไก่เสียบไม้ 40,1,40,40
530,ทองสุข,1/24/2023 0:00,น้ำแข็ง,2,5,10
530,ทองสุข,1/24/2023 0:00,ข้าวเหนียว,2,5,10
585,ทองสุข,1/25/2023 0:00,ข้าวเหนียว,3,5,15
585,ทองสุข,1/25/2023 0:00,ไก่เสียบไม้ 40,1,40,40
585,ทองสุข,1/25/2023 0:00,คาราบาว 150ml * 50,2,10,20
585,ทองสุข,1/25/2023 0:00,กับข้าว 25,2,25,50
610,ทองสุข,1/25/2023 0:00,ขนมจีน,2,12,24
619,ทองสุข,1/25/2023 0:00,ข้าวเหนียว,2,5,10
619,ทองสุข,1/25/2023 0:00,เฉาก๊วย,1,25,25
619,ทองสุข,1/25/2023 0:00,น้ำแข็ง,2,5,10
680,ทองสุข,1/26/2023 0:00,ไก่เสียบไม้ 10,4,10,40
686,ทองสุข,1/26/2023 0:00,กับข้าว 25,1,25,25
686,ทองสุข,1/26/2023 0:00,ถั่วตัด,2,5,10
687,ทองสุข,1/26/2023 0:00,น้ำแข็ง,2,5,10
653,ทองสุข,1/26/2023 9:57,คาราบาว 150ml * 50,2,10,20
653,ทองสุข,1/26/2023 9:57,ข้าวเหนียว,3,5,15
653,ทองสุข,1/26/2023 9:57,กับข้าว 25,3,25,75
653,ทองสุข,1/26/2023 9:57,น้ำพริกกะปิกับผักยาว ใหญ่ 30,1,30,30
732,ทองสุข,1/27/2023 0:00,คาราบาว 150ml * 50,2,10,20
732,ทองสุข,1/27/2023 0:00,ลอดช่อง ล,2,12,24
732,ทองสุข,1/27/2023 0:00,ข้าวเหนียว 10,1,10,10
732,ทองสุข,1/27/2023 0:00,ไก่เสียบไม้ 40,1,40,40
741,ทองสุข,1/27/2023 0:00,air x,1,15,15
741,ทองสุข,1/27/2023 0:00,ซาร่า 10เม็ด * 100,1,15,15
744,ทองสุข,1/27/2023 0:00,น้ำแข็ง,2,5,10
744,ทองสุข,1/27/2023 0:00,แมส * 10,1,12,12
744,ทองสุข,1/27/2023 0:00,กระเทียม,1,10,10
744,ทองสุข,1/27/2023 0:00,หอมแดง,1,10,10
731,ทองสุข,1/28/2023 1:01,ลอดช่อง ล,2,12,24
731,ทองสุข,1/28/2023 1:01,ไก่เสียบไม้ 40,1,40,40
731,ทองสุข,1/28/2023 1:01,คาราบาว 150ml * 50,2,10,20
731,ทองสุข,1/28/2023 1:01,ข้าวเหนียว 10,1,10,10
,ทองสุข Total,,,,,2376
89,น้อย,1/17/2023 0:00,ฟริทซี สตอร์เบอร์รี่ * 12,1,5,5
89,น้อย,1/17/2023 0:00,yoyo * 12,1,5,5
95,น้อย,1/17/2023 0:00,ขนมจีน,2,12,24
229,น้อย,1/19/2023 0:00,ข้าวเหนียว,2,5,10
229,น้อย,1/19/2023 0:00,ข้าวเหนียวปิ้ง,2,6,12
229,น้อย,1/19/2023 0:00,ขนมหวาน,1,12,12
,น้อย Total,,,,,68
644,นาม,1/25/2023 0:00,ช้าง เบียร์,1,60,60
,นาม Total,,,,,60
24,นิว,1/16/2023 0:00,น้ำ เล็ก* 6,2,6,12
24,นิว,1/16/2023 0:00,คาราบาว 150ml * 50,1,10,10
24,นิว,1/16/2023 0:00,เบนโตะ * 12,1,5,5
99,นิว,1/17/2023 0:00,โสม 100ml * 50,1,10,10
99,นิว,1/17/2023 0:00,ข้าวคลุกกะปิ,1,35,35
99,นิว,1/17/2023 0:00,ขนมหวาน,1,12,12
99,นิว,1/17/2023 0:00,น้ำ เล็ก* 6,1,6,6
100,นิว,1/17/2023 0:00,ข้าวหอมมะลิ พนมรุ้ง 5kg,2,155,310
101,นิว,1/17/2023 0:00,ปูอัดสลัด,1,35,35
101,นิว,1/17/2023 0:00,ขนมจีน,1,12,12
101,นิว,1/17/2023 0:00,ข้าวคลุกกะปิ,1,35,35
109,นิว,1/17/2023 0:00,Entree รสหมูย่างโคชูจัง * 6,2,20,40
109,นิว,1/17/2023 0:00,เอสขวด,1,10,10
247,นิว,1/19/2023 0:00,yoyo * 12,1,5,5
247,นิว,1/19/2023 0:00,โสม 100ml * 50,1,10,10
247,นิว,1/19/2023 0:00,ปูอัดสลัด,1,35,35
249,นิว,1/19/2023 0:00,น้ำ เล็ก* 6,1,6,6
252,นิว,1/19/2023 0:00,ปลาหมึกแห้ง ขนม,2,5,10
252,นิว,1/19/2023 0:00,ไวไวคัพ ต้มโคล้ง * 6,1,15,15
252,นิว,1/19/2023 0:00,ทิวลี่บอล * 12,1,5,5
252,นิว,1/19/2023 0:00,Entree รสหมูย่างโคชูจัง * 6,1,20,20
254,นิว,1/19/2023 0:00,ไวตามิ้ลค์ vitamilk double black * 24,1,15,15
320,นิว,1/20/2023 0:00,โสม 100ml * 50,1,10,10
321,นิว,1/20/2023 0:00,น้ำ เล็ก* 6,1,6,6
323,นิว,1/20/2023 0:00,Toro ชมพู 80g * 4,1,20,20
323,นิว,1/20/2023 0:00,ขนมจีน,1,12,12
326,นิว,1/20/2023 0:00,ทวิสตี้โรลลี่สตรอเบอร์รี่,1,20,20
326,นิว,1/20/2023 0:00,เอสขวด,1,10,10
328,นิว,1/20/2023 0:00,ทิวลี่ บิ๊กแบง ซอล์ดเท็คคาราเมล * 1,1,5,5
328,นิว,1/20/2023 0:00,เนสกาแฟกระป๋อง ลาเต้ * 3,1,15,15
396,นิว,1/21/2023 0:00,น้ำ เล็ก* 6,1,6,6
396,นิว,1/21/2023 0:00,ข้าวคลุกกะปิ,1,35,35
396,นิว,1/21/2023 0:00,ปูอัดสลัด,1,35,35
402,นิว,1/21/2023 0:00,เอสขวด,1,10,10
526,นิว,1/24/2023 0:00,หมูปิ้ง,1,25,25
526,นิว,1/24/2023 0:00,เอส ขวด,1,10,10
526,นิว,1/24/2023 0:00,ปูอัดสลัด,1,35,35
529,นิว,1/24/2023 0:00,Ahh * 12,1,5,5
529,นิว,1/24/2023 0:00,ทิวลี่บอล * 12,1,5,5
529,นิว,1/24/2023 0:00,มากาโดะ ป๊อปปี้ป๊อบ * 1,1,5,5
529,นิว,1/24/2023 0:00,น้ำ เล็ก* 6,1,6,6
608,นิว,1/25/2023 0:00,โสม 100ml * 50,1,10,10
609,นิว,1/25/2023 0:00,ข้าวคลุกกะปิ,2,35,70
609,นิว,1/25/2023 0:00,เป๊ปซี่ 300ml * 24,1,13,13
618,นิว,1/25/2023 0:00,น้ำยาล้างจาน savepak * 3,1,10,10
678,นิว,1/26/2023 0:00,น้ำ เล็ก* 6,1,6,6
678,นิว,1/26/2023 0:00,โสม 100ml * 50,1,10,10
684,นิว,1/26/2023 0:00,ตะวัน ใหญ่ รสต้นตำรับ 67/70g,1,20,20
684,นิว,1/26/2023 0:00,เป๊ปซี่ 300ml * 24,1,13,13
736,นิว,1/27/2023 0:00,ปูอัดสลัด,1,35,35
736,นิว,1/27/2023 0:00,ขนมจีน,2,12,24
736,นิว,1/27/2023 0:00,โสม 100ml * 50,1,10,10
740,นิว,1/27/2023 0:00,เนส กาแฟกระป๋อง ลาเต้ * 3,1,15,15
740,นิว,1/27/2023 0:00,เป๊ปซี่ 300ml * 24,1,13,13
771,นิว,1/27/2023 0:00,Scotchbrite * 3+1,1,20,20
,นิว Total,,,,,1170
281,พงศ์,1/19/2023 0:00,ช้าง เบียร์,1,60,60
282,พงศ์,1/19/2023 0:00,ดัชมิลค์ นมกล่อง * 48,1,10,10
538,พงศ์,1/24/2023 0:00,ช้าง เบียร์,1,60,60
757,พงศ์,1/27/2023 0:00,ช้าง เบียร์,1,60,60
,พงศ์ Total,,,,,190
21,พลอย,1/16/2023 0:00,อิชิตัน 280ml * 24,1,10,10
23,พลอย,1/16/2023 0:00,เมจิกฟาร์ม น้ำเฉาก๊วย 240ml * 6,1,10,10
25,พลอย,1/16/2023 0:00,เนสกาแฟซอง 17g * 60,1,5,5
50,พลอย,1/16/2023 0:00,ขนมหวาน,1,12,12
58,พลอย,1/16/2023 0:00,Hi น้ำส้ม 200%,1,15,15
102,พลอย,1/17/2023 0:00,เนสกาแฟซอง 17g * 60,1,5,5
102,พลอย,1/17/2023 0:00,น้ำ ใหญ่ * 6,1,10,10
102,พลอย,1/17/2023 0:00,กับข้าว 25,3,25,75
102,พลอย,1/17/2023 0:00,ปลาดุก,1,40,40
102,พลอย,1/17/2023 0:00,ข้าวเหนียว,1,5,5
110,พลอย,1/17/2023 0:00,Hi น้ำส้ม 200%,1,15,15
111,พลอย,1/17/2023 0:00,เนสกาแฟซอง 17g * 60,1,5,5
140,พลอย,1/17/2023 0:00,เมจิกฟาร์ม น้ำเฉาก๊วย 240ml * 6,1,10,10
175,พลอย,1/18/2023 0:00,แฟนต้า เขียว 330ml * 12,1,13,13
179,พลอย,1/18/2023 0:00,เอส สตรอเบอร์รี่ 360ml * 12,1,10,10
179,พลอย,1/18/2023 0:00,อิชิตัน 280ml * 24,1,10,10
179,พลอย,1/18/2023 0:00,ซีม่อน * 12,1,5,5
180,พลอย,1/18/2023 0:00,ทวิสตี้โรลลี่สตรอเบอร์รี่,1,20,20
180,พลอย,1/18/2023 0:00,ขนมหวาน,2,12,24
180,พลอย,1/18/2023 0:00,น้ำ ใหญ่ * 6,1,10,10
182,พลอย,1/18/2023 0:00,Entree รสหมูย่างโคชูจัง * 6,1,20,20
182,พลอย,1/18/2023 0:00,Ahh * 12,1,5,5
197,พลอย,1/18/2023 0:00,เมจิกฟาร์ม น้ำเฉาก๊วย 240ml * 6,1,10,10
225,พลอย,1/19/2023 0:00,ไวตามิ้ลค์ vitamilk ขวด 300ml * 24,1,15,15
241,พลอย,1/19/2023 0:00,ขนมหวาน,1,12,12
248,พลอย,1/19/2023 0:00,ข้าวเหนียว,3,5,15
248,พลอย,1/19/2023 0:00,กับข้าว 25,2,25,50
248,พลอย,1/19/2023 0:00,นมเปรี้ยวขวด meiji ล,1,10,10
250,พลอย,1/19/2023 0:00,เจเล่ไลท์ รสลิ้นจี่ * 6,1,5,5
263,พลอย,1/19/2023 0:00,ขนมหวาน,1,12,12
325,พลอย,1/20/2023 0:00,ปาท๋องโก๋ยัดสังขยา,1,12,12
327,พลอย,1/20/2023 0:00,นมสดเมจิ meiji 450ml,1,30,30
329,พลอย,1/20/2023 0:00,ฟรุ๊ตกัมมี่ดราก้อน โคล่า * 12,1,5,5
332,พลอย,1/20/2023 0:00,เอสขวด,1,10,10
393,พลอย,1/21/2023 0:00,น้ำ ใหญ่ * 6,1,10,10
394,พลอย,1/21/2023 0:00,แลคตาซอย รสหวาน 300ml * 36,1,11,11
394,พลอย,1/21/2023 0:00,Hi น้ำส้ม 200%,1,15,15
394,พลอย,1/21/2023 0:00,กาแฟขวด kopiko ลัคกี้เดย์ 180ml * 24,1,12,12
394,พลอย,1/21/2023 0:00,เอสขวด,1,10,10
453,พลอย,1/23/2023 0:00,น้ำเต้าหู้เครื่อง,1,12,12
459,พลอย,1/23/2023 0:00,เป๊ปซี่ 300ml * 24,1,13,13
461,พลอย,1/23/2023 0:00,เอส ขวด,1,10,10
528,พลอย,1/24/2023 0:00,ก๊วยจั๊บ,1,35,35
676,พลอย,1/26/2023 10:14,ขนมหวาน,1,12,12
737,พลอย,1/27/2023 0:00,ทิวลี่บอล * 12,1,5,5
737,พลอย,1/27/2023 0:00,โอริโอ้ black pink * 9,1,6,6
768,พลอย,1/27/2023 0:00,โกกิ 150g * 12,1,16,16
770,พลอย,1/27/2023 0:00,ข้าวเหนียว 10,1,10,10
772,พลอย,1/27/2023 0:00,อิชิตัน 280ml * 24,1,10,10
,พลอย Total,,,,,655
37,มล,1/16/2023 0:00,กระเทียม,1,10,10
37,มล,1/16/2023 0:00,หอมแดง,1,10,10
37,มล,1/16/2023 0:00,ข้าวเหลืองอ่อน ตราแตงโม,1,390,390
54,มล,1/16/2023 0:00,ไข่ไก่,20,5,100
54,มล,1/16/2023 0:00,น้ำปลาร้า,1,30,30
556,มล,1/16/2023 0:00,BKP แฟรงค์ไก่รมควันหนังกรอบ 500g,1,85,85
78,มล,1/17/2023 0:00,กับข้าว 25,2,25,50
78,มล,1/17/2023 0:00,คาราบาว 150ml * 50,1,10,10
78,มล,1/17/2023 0:00,เป๊ปซี่ 300ml * 24,1,13,13
78,มล,1/17/2023 0:00,น้ำแข็ง,1,5,5
119,มล,1/17/2023 0:00,ไก่เสียบไม้ 35,1,40,40
119,มล,1/17/2023 0:00,น้ำมันถั่วเหลือง มรกต 1l * 12,1,68,68
562,มล,1/17/2023 0:00,ขนมจีน,1,12,12
162,มล,1/18/2023 0:00,น้ำแข็ง,1,5,5
162,มล,1/18/2023 0:00,เป๊ปซี่ 300ml * 24,1,13,13
162,มล,1/18/2023 0:00,คาราบาว 150ml * 50,1,10,10
162,มล,1/18/2023 0:00,กับข้าว 25,1,25,25
193,มล,1/18/2023 0:00,บรีสเอกเซล น้ำ * 6 แถม 1,2,20,40
193,มล,1/18/2023 0:00,ปลากระป๋อง 3 แม่ครัว 155g * 10,4,20,80
193,มล,1/18/2023 0:00,กระเทียม,1,10,10
193,มล,1/18/2023 0:00,หอมแดง,1,10,10
220,มล,1/19/2023 0:00,น้ำแข็ง,1,5,5
220,มล,1/19/2023 0:00,เป๊ปซี่ 300ml * 24,1,13,13
220,มล,1/19/2023 0:00,คาราบาว 150ml * 50,1,10,10
220,มล,1/19/2023 0:00,มาม่า หมูสับ * 40,2,7,14
220,มล,1/19/2023 0:00,ปลากระป๋อง 3 แม่ครัว 155g * 10,1,20,20
221,มล,1/19/2023 0:00,ซาร่า 10เม็ด * 100,1,15,15
278,มล,1/19/2023 0:00,ซอสหอยนางรม 300cc * 4,1,38,38
278,มล,1/19/2023 0:00,กระเทียม,1,10,10
278,มล,1/19/2023 0:00,หอมแดง,1,10,10
278,มล,1/19/2023 0:00,ไข่ไก่,10,5,50
296,มล,1/20/2023 0:00,เป๊ปซี่ 300ml * 24,1,13,13
296,มล,1/20/2023 0:00,ไก่เสียบไม้ 35,2,40,80
296,มล,1/20/2023 0:00,น้ำแข็ง,1,5,5
296,มล,1/20/2023 0:00,คาราบาว 150ml * 50,1,10,10
363,มล,1/21/2023 0:00,เป๊ปซี่ 300ml * 24,1,13,13
363,มล,1/21/2023 0:00,คาราบาว 150ml * 50,1,10,10
363,มล,1/21/2023 0:00,มาม่า ต้มยำกุ้งน้ำข้น * 40,2,7,14
363,มล,1/21/2023 0:00,กับข้าว 25,1,25,25
364,มล,1/21/2023 0:00,น้ำแข็ง,1,5,5
416,มล,1/21/2023 0:00,ช้าง เบียร์,1,60,60
416,มล,1/21/2023 0:00,แคปหมู,2,10,20
416,มล,1/21/2023 0:00,บรีสเอกเซล น้ำ * 6 แถม 1,1,20,20
416,มล,1/21/2023 0:00,กระเทียม,1,10,10
416,มล,1/21/2023 0:00,หอมแดง,1,10,10
513,มล,1/24/2023 0:00,น้ำแข็ง,2,5,10
513,มล,1/24/2023 0:00,เป๊ปซี่ 300ml * 24,1,13,13
513,มล,1/24/2023 0:00,คาราบาว 150ml * 50,1,10,10
513,มล,1/24/2023 0:00,กับข้าว 25,1,25,25
545,มล,1/24/2023 0:00,ปลากระป๋อง โรซ่า,2,20,40
545,มล,1/24/2023 0:00,แหนม แท่ง/ก้อน,1,30,30
545,มล,1/24/2023 0:00,กระเทียม,2,10,20
546,มล,1/24/2023 0:00,เป็ด โปร 300ml * 6,1,27,27
591,มล,1/25/2023 0:00,เป๊ปซี่ 300ml * 24,1,13,13
591,มล,1/25/2023 0:00,คาราบาว 150ml * 50,1,10,10
591,มล,1/25/2023 0:00,พริกป่น,1,10,10
591,มล,1/25/2023 0:00,มาม่าซอง กระเพราแซบแห้ง 55g * 6,2,7,14
591,มล,1/25/2023 0:00,กับข้าว 25,1,25,25
638,มล,1/25/2023 0:00,แชมพู ซันซิล 60/70ml * 6,1,20,20
638,มล,1/25/2023 0:00,ปลากระป๋อง 3 แม่ครัว 155g * 10,2,20,40
638,มล,1/25/2023 0:00,ไข่ไก่,20,5,100
780,มล,1/25/2023 0:00,น้ำแข็ง,1,5,5
702,มล,1/26/2023 0:00,ปลากระป๋อง 3 แม่ครัว 155g * 10,3,20,60
702,มล,1/26/2023 0:00,ชูรส รสดี 70/75 * 10,1,13,13
702,มล,1/26/2023 0:00,ชูรส ถ้วยแดง อายิโนะโมโตะ 250g * 20,1,31,31
667,มล,1/26/2023 10:11,ขนมจีน,1,12,12
667,มล,1/26/2023 10:11,คาราบาว 150ml * 50,1,10,10
667,มล,1/26/2023 10:11,เป๊ปซี่ 300ml * 24,1,13,13
667,มล,1/26/2023 10:11,น้ำแข็ง,1,5,5
729,มล,1/27/2023 0:00,น้ำแข็ง,1,5,5
729,มล,1/27/2023 0:00,คาราบาว 150ml * 50,1,10,10
730,มล,1/27/2023 0:00,ขนมจีน,1,12,12
750,มล,1/27/2023 0:00,น้ำพริกปลาทู ใหญ่,1,30,30
750,มล,1/27/2023 0:00,ปลากระป๋อง 3 แม่ครัว 155g * 10,2,20,40
750,มล,1/27/2023 0:00,กระเทียม,1,10,10
750,มล,1/27/2023 0:00,หอมแดง,1,10,10
,มล Total,,,,,1544
60,ยศ,1/16/2023 0:00,หอยดอง,1,12,12
60,ยศ,1/16/2023 0:00,โค้ก 295ml * 24,1,13,13
60,ยศ,1/16/2023 0:00,โบโลน่า CP 150g * 3,1,38,38
60,ยศ,1/16/2023 0:00,หมูยอ ARO * 5,1,20,20
84,ยศ,1/17/2023 0:00,ข้าว,2,5,10
84,ยศ,1/17/2023 0:00,บะหมี่กล่อง 30,1,30,30
84,ยศ,1/17/2023 0:00,กับข้าว 25,3,25,75
84,ยศ,1/17/2023 0:00,เอส ฟ้า กามิกาเซ่ 360ml * 12,1,10,10
86,ยศ,1/17/2023 0:00,ก๊วยจั๊บ,1,35,35
133,ยศ,1/17/2023 0:00,มากาโดะ ป๊อปปี้ป๊อบ * 1,1,5,5
133,ยศ,1/17/2023 0:00,โคโคริ รสชีส * 12+1,1,5,5
133,ยศ,1/17/2023 0:00,ขนมหวาน,1,12,12
133,ยศ,1/17/2023 0:00,ข้าวเหนียว,1,5,5
133,ยศ,1/17/2023 0:00,กับข้าว 25,1,25,25
564,ยศ,1/17/2023 0:00,ยำยำ รสผัดขี้เมาแห้ง * 30 เหมาลัง,1,193,193
157,ยศ,1/18/2023 0:00,น้ำผลไม้ D ใหญ่,1,10,10
157,ยศ,1/18/2023 0:00,ขนมจีน,1,12,12
157,ยศ,1/18/2023 0:00,ก๊วยจั๊บ,1,35,35
157,ยศ,1/18/2023 0:00,ข้าวเหนียว,1,5,5
157,ยศ,1/18/2023 0:00,หมููเค็มในถุง,1,25,25
202,ยศ,1/18/2023 0:00,น้ำผลไม้ D ใหญ่,1,10,10
202,ยศ,1/18/2023 0:00,ไข่เค็ม,1,8,8
202,ยศ,1/18/2023 0:00,ข้าว,1,5,5
202,ยศ,1/18/2023 0:00,ไก่เสียบไม้ 35,1,40,40
223,ยศ,1/19/2023 0:00,น้ำผลไม้ D ใหญ่,1,10,10
223,ยศ,1/19/2023 0:00,ขนมหวาน,1,12,12
223,ยศ,1/19/2023 0:00,จ๋อม เล็ก,1,12,12
223,ยศ,1/19/2023 0:00,ข้าวกล่อง 35,1,35,35
223,ยศ,1/19/2023 0:00,ข้าว,1,5,5
223,ยศ,1/19/2023 0:00,กับข้าว 25,2,25,50
285,ยศ,1/19/2023 0:00,โคโคริ รสชีส * 12+1,2,5,10
285,ยศ,1/19/2023 0:00,ไข่ไก่,2,5,10
285,ยศ,1/19/2023 0:00,น้ำผลไม้ D ใหญ่,1,10,10
285,ยศ,1/19/2023 0:00,ขนมจีน,1,12,12
305,ยศ,1/20/2023 0:00,ปูอัดสลัด,1,35,35
305,ยศ,1/20/2023 0:00,ก๊วยจั๊บ,1,35,35
305,ยศ,1/20/2023 0:00,ข้าว,1,5,5
305,ยศ,1/20/2023 0:00,กับข้าว 25,1,25,25
305,ยศ,1/20/2023 0:00,สไปร์ท 330ml,1,13,13
318,ยศ,1/20/2023 0:00,ข้าวเหนียว,1,5,5
318,ยศ,1/20/2023 0:00,ขนมหวาน,1,12,12
318,ยศ,1/20/2023 0:00,หมูปิ้ง,1,25,25
352,ยศ,1/20/2023 0:00,ถั่วตัด,3,5,15
352,ยศ,1/20/2023 0:00,ขนมจีน,1,12,12
352,ยศ,1/20/2023 0:00,ช้าง เบียร์,1,60,60
352,ยศ,1/20/2023 0:00,ไวตามิ้ลค์ vitamilk double black * 24,1,15,15
369,ยศ,1/21/2023 0:00,น้ำผลไม้ D ใหญ่,1,10,10
369,ยศ,1/21/2023 0:00,ข้าว,1,5,5
369,ยศ,1/21/2023 0:00,กับข้าว 25,3,25,75
369,ยศ,1/21/2023 0:00,ข้าวมันไก่ 35,1,35,35
387,ยศ,1/21/2023 0:00,ไฟแช็ค ARO,1,8,8
420,ยศ,1/21/2023 0:00,แอทแทค 3D 90g * 12,1,10,10
420,ยศ,1/21/2023 0:00,แอทเทค อีซี่ 60g 5บ * 12,1,5,5
420,ยศ,1/21/2023 0:00,โคโคริ รสชีส * 12+1,2,5,10
420,ยศ,1/21/2023 0:00,สไปร์ท 330ml,1,13,13
420,ยศ,1/21/2023 0:00,ไข่ไก่,5,5,25
430,ยศ,1/23/2023 0:00,นมสด เมจิ meiji 450ml,1,30,30
430,ยศ,1/23/2023 0:00,กับข้าว 25,3,25,75
430,ยศ,1/23/2023 0:00,ข้าว,2,5,10
430,ยศ,1/23/2023 0:00,กระเพาะปลา,1,35,35
430,ยศ,1/23/2023 0:00,ข้าวหมูแดง,1,35,35
449,ยศ,1/23/2023 0:00,แมส * 10,1,12,12
455,ยศ,1/23/2023 0:00,กุ้งสด 65,1,65,65
475,ยศ,1/23/2023 0:00,โจ๊กคัพ มาม่า ชมพู * 6,2,15,30
475,ยศ,1/23/2023 0:00,มิรินด้า ส้ม 345ml * 12,1,10,10
475,ยศ,1/23/2023 0:00,หอยดอง,1,12,12
480,ยศ,1/23/2023 0:00,น้ำแข็ง,1,5,5
497,ยศ,1/24/2023 0:00,ข้าว,2,5,10
497,ยศ,1/24/2023 0:00,สไปร์ท 330ml,1,13,13
497,ยศ,1/24/2023 0:00,กับข้าว 25,1,25,25
497,ยศ,1/24/2023 0:00,หอยดอง,1,12,12
497,ยศ,1/24/2023 0:00,ไก่เสียบไม้ 40,1,40,40
497,ยศ,1/24/2023 0:00,ก๊วยจั๊บ,1,35,35
518,ยศ,1/24/2023 0:00,ขนมจีน,2,12,24
518,ยศ,1/24/2023 0:00,ปลาแห้ง,1,25,25
550,ยศ,1/24/2023 0:00,ไข่ไก่,30,5,150
550,ยศ,1/24/2023 0:00,โจ๊กคัพ มาม่า ชมพู * 6,2,15,30
550,ยศ,1/24/2023 0:00,เป๊ปซี่ 300ml * 24,1,13,13
590,ยศ,1/25/2023 0:00,น้ำผลไม้ D ใหญ่,1,10,10
590,ยศ,1/25/2023 0:00,ปูอัดสลัด,1,35,35
590,ยศ,1/25/2023 0:00,ข้าวมันไก่ 35,1,35,35
590,ยศ,1/25/2023 0:00,ก๊วยจั๊บ,1,35,35
590,ยศ,1/25/2023 0:00,ข้าว,1,5,5
590,ยศ,1/25/2023 0:00,กับข้าว 25,1,25,25
634,ยศ,1/25/2023 0:00,แฟนต้า เขียว 330ml * 12,1,13,13
634,ยศ,1/25/2023 0:00,ขนมหวาน,1,12,12
634,ยศ,1/25/2023 0:00,ข้าวเหนียว,2,5,10
634,ยศ,1/25/2023 0:00,กับข้าว 25,1,25,25
783,ยศ,1/26/2023 0:00,นมสด เมจิ meiji 450ml,1,30,30
783,ยศ,1/26/2023 0:00,แคปหมู,2,10,20
783,ยศ,1/26/2023 0:00,ถั่วตัด,3,5,15
783,ยศ,1/26/2023 0:00,โคโคริ รสชีส * 12+1,2,5,10
648,ยศ,1/26/2023 9:30,ข้าว,2,5,10
648,ยศ,1/26/2023 9:30,ขนมจีน,1,12,12
648,ยศ,1/26/2023 9:30,กับข้าว 25,3,25,75
648,ยศ,1/26/2023 9:30,สไปร์ท 330ml,1,13,13
648,ยศ,1/26/2023 9:30,ปูอัดสลัด,1,35,35
669,ยศ,1/26/2023 10:11,ไก่เสียบไม้ 10,1,10,10
669,ยศ,1/26/2023 10:11,ขนมหวาน,1,12,12
761,ยศ,1/27/2023 0:00,บะหมี่กล่อง 25,1,25,25
761,ยศ,1/27/2023 0:00,น้ำแข็ง,1,5,5
761,ยศ,1/27/2023 0:00,ข้าว,1,5,5
761,ยศ,1/27/2023 0:00,สไปร์ท 330ml,1,13,13
786,ยศ,1/27/2023 0:00,ข้าว,2,5,10
786,ยศ,1/27/2023 0:00,กับข้าว 25,2,25,50
786,ยศ,1/27/2023 0:00,ไก่ทอด,1,25,25
786,ยศ,1/27/2023 0:00,สไปร์ท 330ml,1,13,13
786,ยศ,1/27/2023 0:00,ขนมหวาน,1,12,12
,ยศ Total,,,,,2475
66,รัตน์,1/16/2023 0:00,บ๊วย * 8,1,15,15
559,รัตน์,1/16/2023 0:00,เจเล่ไลท์ รสลิ้นจี่ * 6,4,5,20
559,รัตน์,1/16/2023 0:00,ข้าว,2,5,10
73,รัตน์,1/17/2023 0:00,คาราบาว 150ml * 50,1,10,10
73,รัตน์,1/17/2023 0:00,ปาท๋องโก๋,1,12,12
73,รัตน์,1/17/2023 0:00,น้ำผลไม้ D ใหญ่,1,10,10
73,รัตน์,1/17/2023 0:00,เฉาก๊วย,1,25,25
88,รัตน์,1/17/2023 0:00,น้ำ ใหญ่ * 6,1,10,10
124,รัตน์,1/17/2023 0:00,เอส ลิ้นจี่ 360ml * 12,1,10,10
139,รัตน์,1/17/2023 0:00,เลย์ ออริจินัล ญ,1,20,20
139,รัตน์,1/17/2023 0:00,น้ำผลไม้ D เล็ก,2,5,10
146,รัตน์,1/18/2023 0:00,น้ำเต้าหู้ไม่เครื่อง,1,10,10
146,รัตน์,1/18/2023 0:00,ขนมหวาน,1,12,12
146,รัตน์,1/18/2023 0:00,ปาท๋องโก๋,1,12,12
146,รัตน์,1/18/2023 0:00,คาราบาว 150ml * 50,1,10,10
146,รัตน์,1/18/2023 0:00,กับข้าว 25,1,25,25
146,รัตน์,1/18/2023 0:00,กาแฟกระป๋อง เบอร์ดี้ burdy เขียว 180ml * 30,1,15,15
210,รัตน์,1/18/2023 0:00,น้ำผลไม้ D ใหญ่,1,10,10
210,รัตน์,1/18/2023 0:00,ผัดไท 35,1,35,35
210,รัตน์,1/18/2023 0:00,ไส้กรอกระเบิด SPC 500g,1,65,65
290,รัตน์,1/20/2023 0:00,แลคตาซอย รสหวาน 300ml * 36,1,11,11
290,รัตน์,1/20/2023 0:00,บรีสเพาวเวอร์ผง 240/300g * 3,2,20,40
290,รัตน์,1/20/2023 0:00,ข้าว,2,5,10
290,รัตน์,1/20/2023 0:00,ขนมหวาน,1,12,12
290,รัตน์,1/20/2023 0:00,กับข้าว 25,2,25,50
353,รัตน์,1/20/2023 0:00,น้ำผลไม้ D ใหญ่,1,10,10
359,รัตน์,1/20/2023 0:00,กาโตะ ลิ้นจี่ * 6,1,10,10
359,รัตน์,1/20/2023 0:00,เซี่ยงไฮ้เวเฟอร์ * 24,9,2,18
359,รัตน์,1/20/2023 0:00,ทิวลี่ทวิน ช็อกโกแล็ต * 12 เหมาลัง,1,53,53
359,รัตน์,1/20/2023 0:00,ปลากระป๋อง โรซ่า,1,20,20
462,รัตน์,1/23/2023 0:00,ข้าวหอมมะลิ พนมรุ้ง 5kg,1,155,155
462,รัตน์,1/23/2023 0:00,ซอสหอยนางรม 150cc * 4,1,25,25
482,รัตน์,1/23/2023 0:00,ควันน้อย เมนทอส 10 ขด * 5,1,20,20
484,รัตน์,1/23/2023 0:00,น้ำผลไม้ D เล็ก,2,5,10
488,รัตน์,1/24/2023 0:00,กับข้าว 25,1,25,25
523,รัตน์,1/24/2023 0:00,ไวตามิ้ลค์ vitamilk ขวด 300ml * 24,1,15,15
535,รัตน์,1/24/2023 0:00,น้ำผลไม้ D เล็ก,2,5,10
553,รัตน์,1/24/2023 0:00,กระเทียม,1,10,10
553,รัตน์,1/24/2023 0:00,ยำยำ สุกี้,1,7,7
553,รัตน์,1/24/2023 0:00,ไวไวซอง * 30,1,7,7
576,รัตน์,1/25/2023 0:00,กับข้าว 25,2,25,50
576,รัตน์,1/25/2023 0:00,คาราบาว 150ml * 50,1,10,10
576,รัตน์,1/25/2023 0:00,น้ำผลไม้ D ใหญ่,1,10,10
577,รัตน์,1/25/2023 0:00,ข้าวเหนียว,2,5,10
613,รัตน์,1/25/2023 0:00,น้ำผลไม้ D ใหญ่,1,10,10
613,รัตน์,1/25/2023 0:00,ผ้าอนามัย ลอริเอะ กลางคืน 16บ * 4,1,16,16
621,รัตน์,1/25/2023 0:00,น้ำผลไม้ D ใหญ่,1,10,10
642,รัตน์,1/25/2023 0:00,ปาปริก้า 65/56g * 3,1,20,20
642,รัตน์,1/25/2023 0:00,ไข่ไก่,10,5,50
642,รัตน์,1/25/2023 0:00,บ๊วย * 8 Fantasia,1,15,15
642,รัตน์,1/25/2023 0:00,น้ำยาล้างจาน โปร 400ml ชมพู * 3,1,12,12
683,รัตน์,1/26/2023 0:00,โออิชิ แตงโม,1,15,15
683,รัตน์,1/26/2023 0:00,น้ำ เล็ก* 6,1,6,6
703,รัตน์,1/26/2023 0:00,สบู่ อิงอร ไข่มุก,1,33,33
703,รัตน์,1/26/2023 0:00,ไก่ทอด,1,25,25
703,รัตน์,1/26/2023 0:00,แลคตาซอย รสหวาน 300ml * 36,1,11,11
703,รัตน์,1/26/2023 0:00,snackjack 30/32g * 6,1,10,10
703,รัตน์,1/26/2023 0:00,น้ำผลไม้ D ใหญ่,1,10,10
703,รัตน์,1/26/2023 0:00,แป้งเด็ก johnson 180g * 6,1,29,29
785,รัตน์,1/26/2023 0:00,แอทแทค อีซี่ชมพู 20บ. * 3,2,20,40
785,รัตน์,1/26/2023 0:00,ข้าว,2,5,10
785,รัตน์,1/26/2023 0:00,กับข้าว 25,3,25,75
785,รัตน์,1/26/2023 0:00,เนส กาแฟซอง แดง 17g * 60,2,5,10
785,รัตน์,1/26/2023 0:00,น้ำเต้าหู้ไม่เครื่อง,2,10,20
785,รัตน์,1/26/2023 0:00,ปาท๋องโก๋,1,12,12
,รัตน์ Total,,,,,1338
44,ราตรี,1/16/2023 0:00,ไข่ไก่,30,5,150
44,ราตรี,1/16/2023 0:00,น้ำยาล้างจาน โปร เหลือง 400ml * 3,1,13,13
44,ราตรี,1/16/2023 0:00,โบโลน่าพริก CP 150g * 3,1,38,38
46,ราตรี,1/16/2023 0:00,แฟนต้า แดง 330ml * 12,1,13,13
46,ราตรี,1/16/2023 0:00,น้ำแข็ง,1,5,5
59,ราตรี,1/16/2023 0:00,ฮานามิ รส hot chilli 60/52g * 4,1,20,20
76,ราตรี,1/17/2023 0:00,ก๊วยจั๊บ,1,35,35
76,ราตรี,1/17/2023 0:00,ขนมจีน,1,12,12
132,ราตรี,1/17/2023 0:00,น้ำแข็ง,1,5,5
132,ราตรี,1/17/2023 0:00,กับข้าว 25,1,25,25
132,ราตรี,1/17/2023 0:00,โลชั่นตัว Citra,1,29,29
132,ราตรี,1/17/2023 0:00,แปรงสีฟัน 15,1,15,15
155,ราตรี,1/18/2023 0:00,ปาท๋องโก๋,1,12,12
155,ราตรี,1/18/2023 0:00,น้ำเต้าหู้เครื่อง,1,12,12
155,ราตรี,1/18/2023 0:00,ขนมจีน,1,12,12
199,ราตรี,1/18/2023 0:00,น้ำแข็ง,1,5,5
199,ราตรี,1/18/2023 0:00,สบูู่่ protex ซากุระ,1,33,33
207,ราตรี,1/18/2023 0:00,ชูรส ถ้วยแดง อายิโนะโมโตะ 72g * 20,1,10,10
207,ราตรี,1/18/2023 0:00,พริกแห้ง,1,10,10
207,ราตรี,1/18/2023 0:00,น้ำปลาร้า,1,30,30
774,ราตรี,1/18/2023 0:00,ข้าวแข็ง พิกุลแก้ว 5kg,1,115,115
774,ราตรี,1/18/2023 0:00,ตูดไก่,1,25,25
774,ราตรี,1/18/2023 0:00,กับข้าว 25,1,25,25
240,ราตรี,1/19/2023 0:00,กับข้าว 25,1,25,25
240,ราตรี,1/19/2023 0:00,ปาท๋องโก๋ยัดสังขยา,1,12,12
776,ราตรี,1/19/2023 0:00,โคโคริ รสบัตเตอร์มิลค์ * 12+1,2,5,10
776,ราตรี,1/19/2023 0:00,ทิวลี่ทวิน วานิลลา * 12,2,5,10
776,ราตรี,1/19/2023 0:00,กับข้าว 25,1,25,25
776,ราตรี,1/19/2023 0:00,น้ำแข็ง,1,5,5
301,ราตรี,1/20/2023 0:00,กับข้าว 25,2,25,50
301,ราตรี,1/20/2023 0:00,หอยดอง,1,12,12
339,ราตรี,1/20/2023 0:00,ตะวัน ใหญ่ รสต้นตำรับ 67/70g,1,20,20
339,ราตรี,1/20/2023 0:00,น้ำแข็ง,1,5,5
339,ราตรี,1/20/2023 0:00,ถั่วตัด,2,5,10
339,ราตรี,1/20/2023 0:00,พริกป่น,2,10,20
339,ราตรี,1/20/2023 0:00,หอยดอง,1,12,12
339,ราตรี,1/20/2023 0:00,กับข้าว 25,1,25,25
339,ราตรี,1/20/2023 0:00,ฟรุ๊ตกัมมี่ดราก้อน สตรอเบอร์รี่ * 12,1,5,5
472,ราตรี,1/23/2023 0:00,ซอสปรุงฝาเขียว 500ml * 6,1,35,35
472,ราตรี,1/23/2023 0:00,downy ช่อดอกไม้สดชื่น 110ml * 6+1,1,20,20
472,ราตรี,1/23/2023 0:00,น้ำผลไม้ D เล็ก,1,5,5
472,ราตรี,1/23/2023 0:00,ปลากระป๋อง ปุ้มปุ้ย 155g * 10,1,18,18
472,ราตรี,1/23/2023 0:00,เจเล่ไลท์ รสลิ้นจี่ * 6,1,5,5
472,ราตรี,1/23/2023 0:00,ชูรส รสดี 70/75 * 10,1,13,13
472,ราตรี,1/23/2023 0:00,ขนมหวาน,1,12,12
472,ราตรี,1/23/2023 0:00,ถั่วตัด,5,5,25
472,ราตรี,1/23/2023 0:00,กับข้าว 25,1,25,25
583,ราตรี,1/25/2023 0:00,ข้าวเหนียวปิ้ง,2,6,12
583,ราตรี,1/25/2023 0:00,กับข้าว 25,3,25,75
583,ราตรี,1/25/2023 0:00,ลอดช่อง ล,1,12,12
635,ราตรี,1/25/2023 0:00,ข้าวแข็ง พิกุลแก้ว 5kg,1,115,115
635,ราตรี,1/25/2023 0:00,นมสด เมจิ meiji 450ml,1,30,30
635,ราตรี,1/25/2023 0:00,เอส สตรอเบอร์รี่ 360ml * 12,1,10,10
635,ราตรี,1/25/2023 0:00,ลอดช่อง ล,1,12,12
635,ราตรี,1/25/2023 0:00,กระเทียม,1,10,10
635,ราตรี,1/25/2023 0:00,หอมแดง,2,10,20
635,ราตรี,1/25/2023 0:00,กับข้าว 25,1,25,25
636,ราตรี,1/25/2023 0:00,ขนมหวาน,2,12,24
637,ราตรี,1/25/2023 0:00,น้ำแข็ง,1,5,5
697,ราตรี,1/26/2023 0:00,น้ำแข็ง,1,5,5
697,ราตรี,1/26/2023 0:00,ขนมหวาน,2,12,24
697,ราตรี,1/26/2023 0:00,โลซาน มะพร้าว ใบเตย,2,5,10
697,ราตรี,1/26/2023 0:00,บรีสเอกเซล ผง,1,20,20
697,ราตรี,1/26/2023 0:00,ปลาทูทอด,1,30,30
657,ราตรี,1/26/2023 9:59,กับข้าว 25,2,25,50
657,ราตรี,1/26/2023 9:59,ขนมจีน,1,12,12
657,ราตรี,1/26/2023 9:59,ลอดช่อง ล,1,12,12
716,ราตรี,1/27/2023 0:00,ปาท๋องโก๋,1,12,12
716,ราตรี,1/27/2023 0:00,ขนมหวาน,1,12,12
716,ราตรี,1/27/2023 0:00,น้ำเต้าหู้เครื่อง,1,12,12
716,ราตรี,1/27/2023 0:00,กับข้าว 25,2,25,50
749,ราตรี,1/27/2023 0:00,ชูรส ถ้วยแดง อายิโนะโมโตะ 72g * 20,1,10,10
749,ราตรี,1/27/2023 0:00,เห็ดกลม,2,16,32
749,ราตรี,1/27/2023 0:00,น้ำแข็ง,1,5,5
759,ราตรี,1/27/2023 0:00,ปลาสดน้อย,1,30,30
759,ราตรี,1/27/2023 0:00,snackjack 70/65 * 4,1,20,20
759,ราตรี,1/27/2023 0:00,พริกแห้ง,1,10,10
,ราตรี Total,,,,,1520
128,วาลี,1/17/2023 0:00,น้ำจิ้มสุกี้กวางตุ้ง พันท้าย 330g * 6,1,60,60
215,วาลี,1/19/2023 0:00,กับข้าว 25,1,25,25
215,วาลี,1/19/2023 0:00,ข้าว,1,5,5
215,วาลี,1/19/2023 0:00,ข้าวเหนียว,2,5,10
215,วาลี,1/19/2023 0:00,ขนมหวาน,1,12,12
218,วาลี,1/19/2023 0:00,ไก่เสียบไม้ 35,1,40,40
269,วาลี,1/19/2023 0:00,ช้าง เบียร์,1,60,60
269,วาลี,1/19/2023 0:00,ลีโอ leo เบียร์,1,65,65
288,วาลี,1/20/2023 0:00,นมเปรี้ยวขวด meiji ล,1,10,10
288,วาลี,1/20/2023 0:00,ก๊วยจั๊บ,1,35,35
288,วาลี,1/20/2023 0:00,ขนมหวาน,1,12,12
370,วาลี,1/21/2023 0:00,ข้าวมันไก่ 35,1,35,35
370,วาลี,1/21/2023 0:00,ขนมหวาน,1,12,12
370,วาลี,1/21/2023 0:00,น้ำเต้าหู้เครื่อง,1,12,12
469,วาลี,1/23/2023 0:00,ขนมหวาน,1,12,12
469,วาลี,1/23/2023 0:00,ปูอัดสลัด,1,35,35
469,วาลี,1/23/2023 0:00,กับข้าว 25,1,25,25
500,วาลี,1/24/2023 0:00,ข้าวเหนียวปิ้ง,2,6,12
500,วาลี,1/24/2023 0:00,ขนมหวาน,2,12,24
500,วาลี,1/24/2023 0:00,แลคตาซอย รสหวาน 300ml * 36,1,11,11
582,วาลี,1/25/2023 0:00,ขนมหวาน,2,12,24
582,วาลี,1/25/2023 0:00,เป๊ปซี่ 300ml * 24,1,13,13
625,วาลี,1/25/2023 0:00,เฉาก๊วย,1,25,25
625,วาลี,1/25/2023 0:00,ข้าวเหนียวปิ้ง,2,6,12
655,วาลี,1/26/2023 9:58,ขนมหวาน,3,12,36
710,วาลี,1/27/2023 0:00,ลอดช่อง ล,1,12,12
710,วาลี,1/27/2023 0:00,ปูอัดสลัด,1,35,35
,วาลี Total,,,,,669
41,ศักดิ์,1/16/2023 0:00,ช้าง เบียร์,2,60,120
41,ศักดิ์,1/16/2023 0:00,ลูกชิ้นไก่ เอ็ม อาร์ 500g,1,68,68
49,ศักดิ์,1/16/2023 0:00,ไข่ไก่,4,5,20
49,ศักดิ์,1/16/2023 0:00,โจ๊กคัพ มาม่า ชมพู * 6,2,15,30
49,ศักดิ์,1/16/2023 0:00,น้ำแข็ง,1,5,5
57,ศักดิ์,1/16/2023 0:00,น้ำจิ้มสุกี้กวางตุ้ง พันท้าย 330g * 6,1,60,60
112,ศักดิ์,1/17/2023 0:00,น้ำ เล็ก* 6,1,6,6
116,ศักดิ์,1/17/2023 0:00,ช้าง เบียร์,2,60,120
116,ศักดิ์,1/17/2023 0:00,บ๊วย * 10,1,15,15
116,ศักดิ์,1/17/2023 0:00,น้ำแข็ง,1,5,5
570,ศักดิ์,1/17/2023 0:00,น้ำ ใหญ่ * 6,2,10,20
570,ศักดิ์,1/17/2023 0:00,ข้าวเหนียว,2,5,10
570,ศักดิ์,1/17/2023 0:00,กับข้าว 25,1,25,25
570,ศักดิ์,1/17/2023 0:00,น้ำพริกปลาทู เล็ก,1,25,25
570,ศักดิ์,1/17/2023 0:00,เบอร์ดี้ กาแฟกระป๋อง เขียว 180ml * 30,1,15,15
570,ศักดิ์,1/17/2023 0:00,m100/m150 150ml * 50,1,12,12
570,ศักดิ์,1/17/2023 0:00,ข้าว,2,5,10
570,ศักดิ์,1/17/2023 0:00,ลูกเดือยพลาสติก,1,12,12
208,ศักดิ์,1/18/2023 0:00,กับข้าว 25,1,25,25
208,ศักดิ์,1/18/2023 0:00,ขนมจีน,2,12,24
208,ศักดิ์,1/18/2023 0:00,ซอสปรุุงฝาเหลือง 110ml * 6,1,15,15
209,ศักดิ์,1/18/2023 0:00,น้ำแข็ง,1,5,5
228,ศักดิ์,1/19/2023 0:00,กาแฟกระป๋อง โรบัสต้า เบอร์ดี้ burdy แดง 180ml * 30,1,15,15
228,ศักดิ์,1/19/2023 0:00,m100/m150 150ml * 50,1,12,12
228,ศักดิ์,1/19/2023 0:00,น้ำ ใหญ่ * 6,2,10,20
228,ศักดิ์,1/19/2023 0:00,ข้าวกล่อง 35,1,35,35
228,ศักดิ์,1/19/2023 0:00,ขนมหวาน,1,12,12
228,ศักดิ์,1/19/2023 0:00,กับข้าว 25,1,25,25
228,ศักดิ์,1/19/2023 0:00,ข้าวเหนียว,2,5,10
228,ศักดิ์,1/19/2023 0:00,ข้าว,1,5,5
245,ศักดิ์,1/19/2023 0:00,บ๊วย * 10,2,15,30
262,ศักดิ์,1/19/2023 0:00,ช้าง เบียร์,2,60,120
262,ศักดิ์,1/19/2023 0:00,โจ๊กคัพ มาม่า ชมพู * 6,1,15,15
262,ศักดิ์,1/19/2023 0:00,ข้าวต้ม มาม่า เล้งแซ่บ * 6,1,20,20
262,ศักดิ์,1/19/2023 0:00,เห็ดเข็มทอง,1,16,16
262,ศักดิ์,1/19/2023 0:00,น้ำแข็ง,1,5,5
317,ศักดิ์,1/20/2023 0:00,น้ำ ใหญ่ * 6,2,10,20
317,ศักดิ์,1/20/2023 0:00,โสม 100ml * 50,1,10,10
317,ศักดิ์,1/20/2023 0:00,เนสกาแฟกระป๋อง โรบัสต้า แดง * 30,1,15,15
317,ศักดิ์,1/20/2023 0:00,แมส,1,12,12
317,ศักดิ์,1/20/2023 0:00,ปูอัดสลัด,1,35,35
317,ศักดิ์,1/20/2023 0:00,หอยดอง,1,12,12
317,ศักดิ์,1/20/2023 0:00,ขนมจีน,1,12,12
317,ศักดิ์,1/20/2023 0:00,ไก่เสียบไม้ เล็ก,1,10,10
317,ศักดิ์,1/20/2023 0:00,ข้าวเหนียว,2,5,10
317,ศักดิ์,1/20/2023 0:00,ข้าว,2,5,10
338,ศักดิ์,1/20/2023 0:00,ไข่ไก่,5,5,25
338,ศักดิ์,1/20/2023 0:00,เต้าหู้ไข่ไก่ ตราแม่บ้าน 105g*10,1,11,11
338,ศักดิ์,1/20/2023 0:00,มาม่า หมูสับ * 40,1,7,7
338,ศักดิ์,1/20/2023 0:00,ช้าง เบียร์,1,60,60
338,ศักดิ์,1/20/2023 0:00,น้ำแข็ง,1,5,5
340,ศักดิ์,1/20/2023 0:00,เห็ดเข็มทอง,1,16,16
348,ศักดิ์,1/20/2023 0:00,ทิชชู่ม้วน,1,5,5
397,ศักดิ์,1/21/2023 0:00,น้ำ ใหญ่ * 6,2,10,20
397,ศักดิ์,1/21/2023 0:00,m100/m150 150ml * 50,1,12,12
397,ศักดิ์,1/21/2023 0:00,เนสกาแฟกระป๋อง โรบัสต้า แดง * 30,1,15,15
397,ศักดิ์,1/21/2023 0:00,ก๊วยจั๊บ,1,35,35
397,ศักดิ์,1/21/2023 0:00,กับข้าว 25,1,25,25
397,ศักดิ์,1/21/2023 0:00,ข้าวเหนียว,2,5,10
397,ศักดิ์,1/21/2023 0:00,ข้าวมันไก่ 35,1,35,35
407,ศักดิ์,1/21/2023 0:00,ช้าง เบียร์,2,60,120
407,ศักดิ์,1/21/2023 0:00,ปลากระป๋อง 3 แม่ครัว 155g * 10,2,20,40
448,ศักดิ์,1/23/2023 0:00,เนส กาแฟกระป๋อง โรบัสต้า แดง * 30,1,15,15
448,ศักดิ์,1/23/2023 0:00,น้ำ ใหญ่ * 6,2,10,20
448,ศักดิ์,1/23/2023 0:00,กับข้าว 25,2,25,50
448,ศักดิ์,1/23/2023 0:00,กระเพาะปลา,1,35,35
448,ศักดิ์,1/23/2023 0:00,ข้าวเหนียว,2,5,10
448,ศักดิ์,1/23/2023 0:00,ข้าว,1,5,5
448,ศักดิ์,1/23/2023 0:00,ขนมหวาน,2,12,24
454,ศักดิ์,1/23/2023 0:00,กุ้งสด 65,1,65,65
458,ศักดิ์,1/23/2023 0:00,ช้าง เบียร์,2,60,120
458,ศักดิ์,1/23/2023 0:00,ไข่ไก่,4,5,20
481,ศักดิ์,1/23/2023 0:00,มาม่า หมูสับ * 40,3,7,21
508,ศักดิ์,1/24/2023 0:00,น้ำ ใหญ่ * 6,2,10,20
508,ศักดิ์,1/24/2023 0:00,เนส กาแฟกระป๋อง เอสเปรสโซ เขียว * 30,1,15,15
508,ศักดิ์,1/24/2023 0:00,ข้าวเหนียว,4,5,20
508,ศักดิ์,1/24/2023 0:00,ปูอัดสลัด,1,35,35
508,ศักดิ์,1/24/2023 0:00,กับข้าว 25,2,25,50
525,ศักดิ์,1/24/2023 0:00,เนส กาแฟกระป๋อง โรบัสต้า แดง * 30,1,15,15
525,ศักดิ์,1/24/2023 0:00,โสม 100ml * 50,1,10,10
531,ศักดิ์,1/24/2023 0:00,ปูอัด 250g * 4,1,55,55
531,ศักดิ์,1/24/2023 0:00,น้ำแข็ง,1,5,5
531,ศักดิ์,1/24/2023 0:00,ช้าง เบียร์,1,60,60
549,ศักดิ์,1/24/2023 0:00,ช้าง เบียร์,1,60,60
604,ศักดิ์,1/25/2023 0:00,ขนมหวาน,1,12,12
604,ศักดิ์,1/25/2023 0:00,พริกป่น,1,10,10
604,ศักดิ์,1/25/2023 0:00,กับข้าว 25,2,25,50
604,ศักดิ์,1/25/2023 0:00,m100/m150 150ml * 50,1,12,12
604,ศักดิ์,1/25/2023 0:00,เนส กาแฟกระป๋อง โรบัสต้า แดง * 30,1,15,15
604,ศักดิ์,1/25/2023 0:00,ข้าว,2,5,10
605,ศักดิ์,1/25/2023 0:00,น้ำ ใหญ่ * 6,2,10,20
614,ศักดิ์,1/25/2023 0:00,กับข้าว 25,1,25,25
615,ศักดิ์,1/25/2023 0:00,น้ำแข็ง,1,5,5
623,ศักดิ์,1/25/2023 0:00,ช้าง เบียร์,2,60,120
623,ศักดิ์,1/25/2023 0:00,น้ำยาล้างจาน savepak * 3,1,10,10
623,ศักดิ์,1/25/2023 0:00,แอทแทค อีซี่ชมพู 20บ. * 3,1,20,20
628,ศักดิ์,1/25/2023 0:00,น้ำ ใหญ่ * 6,1,10,10
682,ศักดิ์,1/26/2023 0:00,เบอร์ดี้ กาแฟกระป๋อง โรบัสต้า แดง 180ml * 30,1,15,15
690,ศักดิ์,1/26/2023 0:00,โจ๊กคัพ มาม่า ชมพู * 6,2,15,30
690,ศักดิ์,1/26/2023 0:00,ช้าง เบียร์,1,60,60
690,ศักดิ์,1/26/2023 0:00,ไข่ไก่,6,5,30
691,ศักดิ์,1/26/2023 0:00,น้ำแข็ง,1,5,5
671,ศักดิ์,1/26/2023 10:12,กับข้าว 25,2,25,50
671,ศักดิ์,1/26/2023 10:12,ขนมจีน,2,12,24
671,ศักดิ์,1/26/2023 10:12,m100/m150 150ml * 50,1,12,12
671,ศักดิ์,1/26/2023 10:12,เบอร์ดี้ กาแฟกระป๋อง เขียว 180ml * 30,1,15,15
671,ศักดิ์,1/26/2023 10:12,ปูอัดสลัด,1,35,35
671,ศักดิ์,1/26/2023 10:12,ข้าวเหนียว,1,5,5
671,ศักดิ์,1/26/2023 10:12,น้ำ ใหญ่ * 6,2,10,20
734,ศักดิ์,1/27/2023 0:00,ขนมหวาน,1,12,12
734,ศักดิ์,1/27/2023 0:00,m100/m150 150ml * 50,1,12,12
734,ศักดิ์,1/27/2023 0:00,ข้าวเหนียว 10,2,10,20
734,ศักดิ์,1/27/2023 0:00,ข้าวเหนียว,1,5,5
734,ศักดิ์,1/27/2023 0:00,เบอร์ดี้ กาแฟกระป๋อง เขียว 180ml * 30,1,15,15
734,ศักดิ์,1/27/2023 0:00,กับข้าว 25,1,25,25
734,ศักดิ์,1/27/2023 0:00,ปลาส้ม,1,35,35
734,ศักดิ์,1/27/2023 0:00,น้ำ ใหญ่ * 6,2,10,20
735,ศักดิ์,1/27/2023 0:00,แมส * 10,1,12,12
743,ศักดิ์,1/27/2023 0:00,สไปร์ท 330ml,1,13,13
745,ศักดิ์,1/27/2023 0:00,น้ำแข็ง,1,5,5
745,ศักดิ์,1/27/2023 0:00,ช้าง เบียร์,1,60,60
745,ศักดิ์,1/27/2023 0:00,ขนมหวาน,1,12,12
753,ศักดิ์,1/27/2023 0:00,เห็ดเข็มทอง,1,16,16
753,ศักดิ์,1/27/2023 0:00,กระเทียม,1,10,10
,ศักดิ์ Total,,,,,2893
22,สด,1/16/2023 0:00,เมจิกฟาร์ม น้ำมะพร้าว 240ml * 6,1,10,10
22,สด,1/16/2023 0:00,เนสกาแฟกระป๋อง ลาเต้ * 3,1,15,15
40,สด,1/16/2023 0:00,น้ำยาล้างจาน โปร เหลือง 400ml * 3,1,13,13
51,สด,1/16/2023 0:00,ไข่ไก่,5,5,25
55,สด,1/16/2023 0:00,ฮานามิ 60/52g * 4,1,20,20
56,สด,1/16/2023 0:00,sponsor 250ml * 24,1,12,12
68,สด,1/17/2023 0:00,กับข้าว 25,1,25,25
68,สด,1/17/2023 0:00,หมูปิ้ง,1,25,25
68,สด,1/17/2023 0:00,ลอดช่อง ล,1,12,12
69,สด,1/17/2023 0:00,กับข้าว 25,1,25,25
75,สด,1/17/2023 0:00,m100/m150 150ml * 50,1,12,12
77,สด,1/17/2023 0:00,กาแฟกระป๋อง โรบัสต้า เบอร์ดี้ 180ml * 30,1,15,15
77,สด,1/17/2023 0:00,ปลาหมึกแห้ง,1,25,25
77,สด,1/17/2023 0:00,กระทิงแดง 100ml * 50,1,10,10
77,สด,1/17/2023 0:00,น้ำแข็ง,1,5,5
96,สด,1/17/2023 0:00,น้ำแข็ง,1,5,5
96,สด,1/17/2023 0:00,เป๊ปซี่ 300ml * 24,1,13,13
96,สด,1/17/2023 0:00,คาราบาว 150ml * 50,1,10,10
96,สด,1/17/2023 0:00,กับข้าว 25,1,25,25
103,สด,1/17/2023 0:00,แฟนต้า แดง 330ml * 12,1,13,13
104,สด,1/17/2023 0:00,ขนมโรล Fershay Roll รสกล้วย * 12,2,5,10
104,สด,1/17/2023 0:00,ขนมโรล Fershay Roll รส chocolate * 12 แถม 2,1,5,5
104,สด,1/17/2023 0:00,ขนมโรล Fershay Roll รส strawberry * 12 แถม 2,1,5,5
107,สด,1/17/2023 0:00,เนสกาแฟกระป๋อง ลาเต้ * 3,1,15,15
107,สด,1/17/2023 0:00,ทิวลี่ x ฟันโอ,1,5,5
123,สด,1/17/2023 0:00,ดัชมิลค์ นมกล่อง * 48,1,10,10
135,สด,1/17/2023 0:00,ชูรส ถ้วยแดง อายิโนะโมโตะ 72g * 20,1,10,10
573,สด,1/17/2023 0:00,ขนมข้าวโพด รสนม,1,6,6
573,สด,1/17/2023 0:00,โลซาน มะพร้าว ใบเตย,1,5,5
144,สด,1/18/2023 0:00,กับข้าว 25,2,25,50
148,สด,1/18/2023 0:00,กับข้าว 25,1,25,25
149,สด,1/18/2023 0:00,ปูอัดสลัด,1,35,35
149,สด,1/18/2023 0:00,ไวตามิ้ลค์ vitamilk ขวด 300ml * 24,1,15,15
152,สด,1/18/2023 0:00,น้ำแข็ง,1,5,5
152,สด,1/18/2023 0:00,กระทิงแดง 100ml * 50,1,10,10
152,สด,1/18/2023 0:00,กาแฟกระป๋อง เบอร์ดี้ burdy เขียว 180ml * 30,1,15,15
158,สด,1/18/2023 0:00,บิสชิน รสมะพร้าว * 12,2,6,12
159,สด,1/18/2023 0:00,แมส,1,12,12
160,สด,1/18/2023 0:00,เนสกาแฟกระป๋อง ลาเต้ * 3,1,15,15
160,สด,1/18/2023 0:00,กับข้าว 25,1,25,25
163,สด,1/18/2023 0:00,แลคตาซอย รสหวาน 300ml * 36,1,11,11
163,สด,1/18/2023 0:00,บิสชิน รสมะพร้าว * 12,2,6,12
165,สด,1/18/2023 0:00,กับข้าว 25,2,25,50
165,สด,1/18/2023 0:00,ขนมจีน,1,12,12
165,สด,1/18/2023 0:00,ทิวลี่บอล * 12,1,5,5
170,สด,1/18/2023 0:00,แลคตาซอย รสหวาน 300ml * 36,1,11,11
170,สด,1/18/2023 0:00,ไก่เสียบไม้ 35,1,40,40
173,สด,1/18/2023 0:00,น้ำแข็ง,1,5,5
174,สด,1/18/2023 0:00,ไก่เสียบไม้ 35,1,40,40
178,สด,1/18/2023 0:00,ปาปริก้า 65/56g * 3,1,20,20
178,สด,1/18/2023 0:00,Entree รสหมูย่างโคชูจัง * 6,1,20,20
196,สด,1/18/2023 0:00,ดัชมิลค์ นมกล่อง * 48,1,10,10
224,สด,1/19/2023 0:00,น้ำเต้าหู้เครื่อง,1,12,12
224,สด,1/19/2023 0:00,ปาท๋องโก๋,1,12,12
227,สด,1/19/2023 0:00,m100/m150 150ml * 50,1,12,12
235,สด,1/19/2023 0:00,ปาท๋องโก๋,1,12,12
235,สด,1/19/2023 0:00,กระทิงแดง 100ml * 50,2,10,20
235,สด,1/19/2023 0:00,น้ำแข็ง,1,5,5
237,สด,1/19/2023 0:00,กับข้าว 25,1,25,25
237,สด,1/19/2023 0:00,แลคตาซอย รสหวาน 300ml * 36,1,11,11
239,สด,1/19/2023 0:00,ถั่วตัด,1,5,5
239,สด,1/19/2023 0:00,เนสกาแฟกระป๋อง ลาเต้ * 3,1,15,15
246,สด,1/19/2023 0:00,ไก่เสียบไม้ 35,1,40,40
246,สด,1/19/2023 0:00,ปาปริก้า 65/56g * 3,1,20,20
246,สด,1/19/2023 0:00,Entree รสหมูย่างโคชูจัง * 6,1,20,20
253,สด,1/19/2023 0:00,ถั่วตัด,1,5,5
253,สด,1/19/2023 0:00,เนสกาแฟกระป๋อง ลาเต้ * 3,1,15,15
265,สด,1/19/2023 0:00,ยาหม่อง ตราลิง * 12,1,8,8
267,สด,1/19/2023 0:00,เอส ลิ้นจี่ 360ml * 12,1,10,10
267,สด,1/19/2023 0:00,แหนม แท่ง/ก้อน,1,30,30
267,สด,1/19/2023 0:00,นมข้นหวาน Carnation Plus 380g * 6,1,28,28
268,สด,1/19/2023 0:00,มาม่า หมูสับ * 40,1,7,7
268,สด,1/19/2023 0:00,มาม่า ต้มยำกุ้งน้ำข้น * 40,1,7,7
273,สด,1/19/2023 0:00,มาม่า ต้มยำกุ้งน้ำข้น * 40,2,7,14
273,สด,1/19/2023 0:00,ถั้วมิกซ์ ปูอัดสาหร่าย,1,5,5
273,สด,1/19/2023 0:00,ถั่วโก๋แก่ รสโรยเกลือ * 12,1,5,5
273,สด,1/19/2023 0:00,ไข่ไก่,4,5,20
286,สด,1/20/2023 0:00,กับข้าว 25,2,25,50
286,สด,1/20/2023 0:00,ขนมหวาน,2,12,24
293,สด,1/20/2023 0:00,กับข้าว 25,1,25,25
298,สด,1/20/2023 0:00,กับข้าว 25,1,25,25
298,สด,1/20/2023 0:00,กระทิงแดง 100ml * 50,1,10,10
298,สด,1/20/2023 0:00,กาแฟกระป๋อง เบอร์ดี้ burdy เขียว 180ml * 30,1,15,15
307,สด,1/20/2023 0:00,m100/m150 150ml * 50,1,12,12
308,สด,1/20/2023 0:00,ซันไบทส์ บาร์บีคิว 56/54g * 3,1,20,20
308,สด,1/20/2023 0:00,อิชิตัน 280ml * 24,1,10,10
308,สด,1/20/2023 0:00,หมูปิ้ง,2,25,50
314,สด,1/20/2023 0:00,น้ำ ใหญ่ * 6,1,10,10
315,สด,1/20/2023 0:00,น้ำ ใหญ่ * 6,1,10,10
315,สด,1/20/2023 0:00,เนสกาแฟกระป๋อง ลาเต้ * 3,1,15,15
319,สด,1/20/2023 0:00,แฟนต้า แดง 330ml * 12,1,13,13
349,สด,1/20/2023 0:00,ขนมโรล Fershay Roll รสกล้วย * 12,2,5,10
349,สด,1/20/2023 0:00,เป๊ปซี่ 300ml * 24,1,13,13
349,สด,1/20/2023 0:00,ปลากระป๋อง 3 แม่ครัว 155g * 10,1,20,20
349,สด,1/20/2023 0:00,แอทแทค อีซี่ม่วง 20บ. * 3,1,20,20
360,สด,1/20/2023 0:00,sponsor 250ml * 24,1,12,12
360,สด,1/20/2023 0:00,น้ำปลาร้า,1,30,30
371,สด,1/21/2023 0:00,กับข้าว 25,1,25,25
372,สด,1/21/2023 0:00,sponsor 250ml * 24,1,12,12
374,สด,1/21/2023 0:00,คาราบาว 150ml * 50,1,10,10
374,สด,1/21/2023 0:00,กับข้าว 25,1,25,25
384,สด,1/21/2023 0:00,กับข้าว 25,2,25,50
384,สด,1/21/2023 0:00,เมจิกฟาร์ม น้ำมะพร้าว 240ml * 6,1,10,10
385,สด,1/21/2023 0:00,ดัชมิลค์ นมกล่อง * 48,1,10,10
385,สด,1/21/2023 0:00,ขนมจีน,1,12,12
385,สด,1/21/2023 0:00,กระทิงแดง 100ml * 50,1,10,10
385,สด,1/21/2023 0:00,เนสกาแฟกระป๋อง เอสเปรสโซ เขียว * 30,1,15,15
392,สด,1/21/2023 0:00,น้ำ ใหญ่ * 6,1,10,10
395,สด,1/21/2023 0:00,กับข้าว 25,1,25,25
395,สด,1/21/2023 0:00,ข้าวเหนียว,1,5,5
399,สด,1/21/2023 0:00,ชูรส รสดี 70/75 * 10,1,13,13
399,สด,1/21/2023 0:00,น้ำแข็ง,1,5,5
404,สด,1/21/2023 0:00,m100/m150 150ml * 50,1,12,12
421,สด,1/21/2023 0:00,แอทแทค อีซี่ม่วง 20บ. * 3,1,20,20
422,สด,1/21/2023 0:00,ซาร่า 10เม็ด * 100,1,15,15
779,สด,1/21/2023 0:00,อิชิตัน 280ml * 24,1,10,10
779,สด,1/21/2023 0:00,ขนมข้าวโพด รสนม,2,6,12
428,สด,1/23/2023 0:00,มาม่า ต้มยำกุ้ง * 40,3,7,21
428,สด,1/23/2023 0:00,กับข้าว 25,1,25,25
432,สด,1/23/2023 0:00,น้ำ ใหญ่ * 6,1,10,10
432,สด,1/23/2023 0:00,เนส กาแฟกระป๋อง เอสเปรสโซ เขียว * 30,1,15,15
432,สด,1/23/2023 0:00,กระทิงแดง 100ml * 50,1,10,10
433,สด,1/23/2023 0:00,ไฟแช็ค Taiyo,1,8,8
439,สด,1/23/2023 0:00,m100/m150 150ml * 50,1,12,12
443,สด,1/23/2023 0:00,กับข้าว 25,1,25,25
443,สด,1/23/2023 0:00,แมส * 10,1,12,12
443,สด,1/23/2023 0:00,เนส กาแฟกระป๋อง เอสเปรสโซ เขียว * 30,1,15,15
444,สด,1/23/2023 0:00,น้ำ ใหญ่ * 6,1,10,10
444,สด,1/23/2023 0:00,น้ำแข็ง,1,5,5
445,สด,1/23/2023 0:00,อิชิตัน 280ml * 24,1,10,10
445,สด,1/23/2023 0:00,กับข้าว 25,1,25,25
446,สด,1/23/2023 0:00,น้ำแข็ง,2,5,10
446,สด,1/23/2023 0:00,กับข้าว 25,2,25,50
447,สด,1/23/2023 0:00,ปาท๋องโก๋,1,12,12
447,สด,1/23/2023 0:00,กระทิงแดง extra abc 145ml * 10,2,10,20
452,สด,1/23/2023 0:00,น้ำแข็ง,1,5,5
457,สด,1/23/2023 0:00,แฟนต้า เขียว 330ml * 12,1,13,13
457,สด,1/23/2023 0:00,เป๊ปซี่ 300ml * 24,1,13,13
460,สด,1/23/2023 0:00,น้ำผลไม้ D ใหญ่,1,10,10
468,สด,1/23/2023 0:00,มิรินด้า ส้ม 345ml * 12,1,10,10
468,สด,1/23/2023 0:00,ไข่ไก่,4,5,20
468,สด,1/23/2023 0:00,มาม่าคัพ รสกระเพราแซ่บ แดง * 6,1,15,15
470,สด,1/23/2023 0:00,sponsor 250ml * 24,1,12,12
477,สด,1/23/2023 0:00,yoyo * 12,1,5,5
477,สด,1/23/2023 0:00,Ahh * 12,1,5,5
489,สด,1/24/2023 0:00,กับข้าว 25,1,25,25
495,สด,1/24/2023 0:00,ซาร่า 10เม็ด * 100,1,15,15
495,สด,1/24/2023 0:00,เนส กาแฟซอง เขียว 17g * 60,5,5,25
495,สด,1/24/2023 0:00,คาราบาว 150ml * 50,1,10,10
495,สด,1/24/2023 0:00,กระทิงแดง 100ml * 50,1,10,10
495,สด,1/24/2023 0:00,กับข้าว 25,1,25,25
495,สด,1/24/2023 0:00,น้ำ ใหญ่ * 6,1,10,10
496,สด,1/24/2023 0:00,น้ำแข็ง,1,5,5
507,สด,1/24/2023 0:00,บิสชิน รสมะพร้าว * 12,1,6,6
509,สด,1/24/2023 0:00,บิสชิน รสมะพร้าว * 12,1,6,6
509,สด,1/24/2023 0:00,โลซาน มะพร้าว ใบเตย,1,5,5
510,สด,1/24/2023 0:00,m100/m150 150ml * 50,1,12,12
516,สด,1/24/2023 0:00,ถั่วโก๋แก่ รสโรยเกลือ * 12,2,5,10
516,สด,1/24/2023 0:00,อิชิตัน 280ml * 24,1,10,10
516,สด,1/24/2023 0:00,ดัชมิลค์ นมกล่อง * 48,1,10,10
517,สด,1/24/2023 0:00,น้ำแข็ง,2,5,10
519,สด,1/24/2023 0:00,บิสชิน รสมะพร้าว * 12,2,6,12
520,สด,1/24/2023 0:00,ข้าว,1,5,5
520,สด,1/24/2023 0:00,กับข้าว 25,1,25,25
522,สด,1/24/2023 0:00,น้ำแข็ง,1,5,5
522,สด,1/24/2023 0:00,น้ำตาลสด ARO 320ml * 6,1,15,15
522,สด,1/24/2023 0:00,คาราบาว 150ml * 50,1,10,10
524,สด,1/24/2023 0:00,เบอร์ดี้ กาแฟกระป๋อง เขียว 180ml * 30,1,15,15
554,สด,1/24/2023 0:00,เอลเซ่,1,5,5
574,สด,1/25/2023 0:00,น้ำ ใหญ่ * 6,1,10,10
574,สด,1/25/2023 0:00,คาราบาว 150ml * 50,1,10,10
574,สด,1/25/2023 0:00,กระทิงแดง 100ml * 50,1,10,10
574,สด,1/25/2023 0:00,ลอดช่อง ล,1,12,12
579,สด,1/25/2023 0:00,กับข้าว 25,1,25,25
580,สด,1/25/2023 0:00,m100/m150 150ml * 50,1,12,12
584,สด,1/25/2023 0:00,บิสชิน รสมะพร้าว * 12,2,6,12
592,สด,1/25/2023 0:00,บะหมี่กล่อง 30,2,30,60
592,สด,1/25/2023 0:00,ซาร่า 10เม็ด * 100,1,15,15
592,สด,1/25/2023 0:00,แอทแทค อีซี่ขาว 20บ. * 3,1,20,20
592,สด,1/25/2023 0:00,คาราบาว 150ml * 50,1,10,10
592,สด,1/25/2023 0:00,เบอร์ดี้ กาแฟกระป๋อง เขียว 180ml * 30,1,15,15
592,สด,1/25/2023 0:00,ขนมจีน,1,12,12
592,สด,1/25/2023 0:00,ขนมหวาน,1,12,12
592,สด,1/25/2023 0:00,แมส * 10,1,12,12
592,สด,1/25/2023 0:00,เอลเซ่,1,5,5
594,สด,1/25/2023 0:00,น้ำเต้าหู้เครื่อง,1,12,12
594,สด,1/25/2023 0:00,กระทิงแดง extra abc 145ml * 10,2,10,20
594,สด,1/25/2023 0:00,น้ำแข็ง,2,5,10
597,สด,1/25/2023 0:00,ข้าวมันไก่ 35,1,35,35
597,สด,1/25/2023 0:00,ก๊วยจั๊บ,1,35,35
598,สด,1/25/2023 0:00,มาม่าซอง ต้มยำกุ้งน้ำข้น * 40,2,7,14
599,สด,1/25/2023 0:00,เนส กาแฟซอง เขียว 17g * 60,1,5,5
600,สด,1/25/2023 0:00,เนส กาแฟกระป๋อง เอสเปรสโซ เขียว * 30,1,15,15
600,สด,1/25/2023 0:00,ถั่วตัด,1,5,5
601,สด,1/25/2023 0:00,แลคตาซอย รสหวาน 300ml * 36,1,11,11
601,สด,1/25/2023 0:00,มาม่าซอง ต้มยำกุ้ง * 40,1,7,7
601,สด,1/25/2023 0:00,บิสชิน รสมะพร้าว * 12,2,6,12
601,สด,1/25/2023 0:00,อิชิตัน 280ml * 24,1,10,10
607,สด,1/25/2023 0:00,ขนมหวาน,1,12,12
611,สด,1/25/2023 0:00,ปลากระป๋อง โรซ่า,1,20,20
616,สด,1/25/2023 0:00,ถั่วตัด,1,5,5
616,สด,1/25/2023 0:00,เนส กาแฟกระป๋อง เอสเปรสโซ เขียว * 30,1,15,15
617,สด,1/25/2023 0:00,น้ำ ใหญ่ * 6,1,10,10
617,สด,1/25/2023 0:00,อิชิตัน 280ml * 24,1,10,10
617,สด,1/25/2023 0:00,น้ำแข็ง,1,5,5
629,สด,1/25/2023 0:00,น้ำแข็ง,1,5,5
643,สด,1/25/2023 0:00,ข้าวเหนียว,3,5,15
781,สด,1/25/2023 0:00,น้ำแข็ง,1,5,5
679,สด,1/26/2023 0:00,น้ำแข็ง,2,5,10
681,สด,1/26/2023 0:00,นมเปรี้ยวขวด เมจิ meiji ญ,1,25,25
681,สด,1/26/2023 0:00,ถั่วตัด,1,5,5
707,สด,1/26/2023 0:00,ไก่เสียบไม้ 10,1,10,10
652,สด,1/26/2023 9:32,บิสชิน รสมะพร้าว * 12,1,6,6
654,สด,1/26/2023 9:57,บิสชิน รสส้ม * 12,1,6,6
654,สด,1/26/2023 9:57,ขนมข้าวโพด รสนม,1,6,6
661,สด,1/26/2023 10:01,นมเปรี้ยวขวด เมจิ meiji ล,1,10,10
661,สด,1/26/2023 10:01,คาราบาว 150ml * 50,1,10,10
661,สด,1/26/2023 10:01,บิสชิน รสมะพร้าว * 12,1,6,6
661,สด,1/26/2023 10:01,ถั่วตัด,1,5,5
663,สด,1/26/2023 10:03,โสม 100ml * 50,1,10,10
663,สด,1/26/2023 10:03,นมเปรี้ยวขวด เมจิ meiji ล,1,10,10
663,สด,1/26/2023 10:03,เนส กาแฟกระป๋อง เอสเปรสโซ เขียว * 30,1,15,15
663,สด,1/26/2023 10:03,ขนมหวาน,1,12,12
663,สด,1/26/2023 10:03,ข้าวเหนียว,2,5,10
668,สด,1/26/2023 10:11,กับข้าว 25,1,25,25
670,สด,1/26/2023 10:11,ซาร่า 10เม็ด * 100,1,15,15
672,สด,1/26/2023 10:13,ไข่ไก่,4,5,20
672,สด,1/26/2023 10:13,มาม่าซอง ต้มยำกุ้ง * 40,1,7,7
672,สด,1/26/2023 10:13,แลคตาซอย รสหวาน 300ml * 36,1,11,11
674,สด,1/26/2023 10:14,โคโคริ รสโกโก้ * 12+1,2,5,10
674,สด,1/26/2023 10:14,ถั่วตัด,1,5,5
674,สด,1/26/2023 10:14,ทิวลี่บอล * 12,1,5,5
677,สด,1/26/2023 10:15,ขนมหวาน,1,12,12
714,สด,1/27/2023 0:00,กับข้าว 25,1,25,25
714,สด,1/27/2023 0:00,ชูรส ถ้วยแดง อายิโนะโมโตะ 72g * 20,1,10,10
718,สด,1/27/2023 0:00,ถั่วตัด,1,5,5
718,สด,1/27/2023 0:00,กับข้าว 25,1,25,25
718,สด,1/27/2023 0:00,เนส กาแฟกระป๋อง เอสเปรสโซ เขียว * 30,1,15,15
719,สด,1/27/2023 0:00,m100/m150 150ml * 50,1,12,12
719,สด,1/27/2023 0:00,กับข้าว 25,1,25,25
720,สด,1/27/2023 0:00,คาราบาว 150ml * 50,1,10,10
720,สด,1/27/2023 0:00,กระทิงแดง 100ml * 50,1,10,10
727,สด,1/27/2023 0:00,ขนมจีน,1,12,12
727,สด,1/27/2023 0:00,ไก่ทอด,1,25,25
727,สด,1/27/2023 0:00,อิชิตัน 280ml * 24,1,10,10
727,สด,1/27/2023 0:00,แฟนต้า แดง 330ml * 12,1,13,13
733,สด,1/27/2023 0:00,กับข้าว 25,1,25,25
742,สด,1/27/2023 0:00,น้ำแข็ง,2,5,10
767,สด,1/27/2023 0:00,ยาธาตุน้ำขาวกระต่ายบิน 200ml,1,67,67
,สด Total,,,,,3608
52,หม่อม,1/16/2023 0:00,โลซาน มะพร้าว ใบเตย,1,5,5
52,หม่อม,1/16/2023 0:00,ปลาหมึกแห้ง,2,25,50
52,หม่อม,1/16/2023 0:00,แฟนต้า องุ่น * 12,1,13,13
52,หม่อม,1/16/2023 0:00,น้ำแข็ง,1,5,5
85,หม่อม,1/17/2023 0:00,อิชิตัน 280ml * 24,1,10,10
85,หม่อม,1/17/2023 0:00,ปลาทูทอด,1,30,30
85,หม่อม,1/17/2023 0:00,m100/m150 150ml * 50,1,12,12
85,หม่อม,1/17/2023 0:00,กับข้าว 25,2,25,50
85,หม่อม,1/17/2023 0:00,น้ำ ใหญ่ * 6,1,10,10
130,หม่อม,1/17/2023 0:00,ข้้าวหอมมะลิคัดพิเศษ ตราชามทอง ถุงฟ้า AAAA,1,325,325
131,หม่อม,1/17/2023 0:00,ไข่ไก่,5,5,25
131,หม่อม,1/17/2023 0:00,ซันไบทส์ บาร์บีคิว 56/54g * 3,1,20,20
131,หม่อม,1/17/2023 0:00,น้ำแข็ง,1,5,5
137,หม่อม,1/17/2023 0:00,บิสชิน รสมะพร้าว * 12,1,6,6
137,หม่อม,1/17/2023 0:00,น้ำมันถั่วเหลือง มรกต 1l * 12,1,68,68
151,หม่อม,1/18/2023 0:00,เป๊ปซี่ 300ml * 24,1,13,13
151,หม่อม,1/18/2023 0:00,m100/m150 150ml * 50,1,12,12
151,หม่อม,1/18/2023 0:00,กับข้าว 25,1,25,25
151,หม่อม,1/18/2023 0:00,ข้าวเหนียวปิ้ง,2,6,12
151,หม่อม,1/18/2023 0:00,เจเล่ไลท์ รสลิ้นจี่ * 6,1,5,5
151,หม่อม,1/18/2023 0:00,ขนมหวาน,1,12,12
204,หม่อม,1/18/2023 0:00,โจ๊กคัพ คนอร์ * 6,1,20,20
204,หม่อม,1/18/2023 0:00,ปลากระป๋อง โรซ่า,1,20,20
204,หม่อม,1/18/2023 0:00,ปูอัด 250g * 4,1,55,55
204,หม่อม,1/18/2023 0:00,ไข่ไก่,5,5,25
204,หม่อม,1/18/2023 0:00,น้ำแข็ง,1,5,5
271,หม่อม,1/19/2023 0:00,ช้าง เบียร์,1,60,60
271,หม่อม,1/19/2023 0:00,น้ำแข็ง,1,5,5
271,หม่อม,1/19/2023 0:00,ชูรส ถ้วยแดง อายิโนะโมโตะ 250g,1,31,31
271,หม่อม,1/19/2023 0:00,เห็ดเข็มทอง,1,16,16
271,หม่อม,1/19/2023 0:00,เห็ดกลม,2,16,32
272,หม่อม,1/19/2023 0:00,บิสชิน รสมะพร้าว * 12,1,6,6
565,หม่อม,1/19/2023 0:00,น้ำแข็ง,1,5,5
565,หม่อม,1/19/2023 0:00,น้ำ ใหญ่ * 6,1,10,10
565,หม่อม,1/19/2023 0:00,m100/m150 150ml * 50,1,12,12
565,หม่อม,1/19/2023 0:00,คาราบาว 150ml * 50,1,10,10
565,หม่อม,1/19/2023 0:00,บ๊วย * 10,1,15,15
565,หม่อม,1/19/2023 0:00,ข้าวเหนียวปิ้ง,4,6,24
565,หม่อม,1/19/2023 0:00,กับข้าว 25,1,25,25
565,หม่อม,1/19/2023 0:00,แมส * 10,1,12,12
297,หม่อม,1/20/2023 0:00,คาราบาว 150ml * 50,1,10,10
297,หม่อม,1/20/2023 0:00,m100/m150 150ml * 50,1,12,12
297,หม่อม,1/20/2023 0:00,กับข้าว 25,2,25,50
347,หม่อม,1/20/2023 0:00,กระเทียม,1,10,10
347,หม่อม,1/20/2023 0:00,ปลากระป๋อง 3 แม่ครัว 155g * 10,1,20,20
347,หม่อม,1/20/2023 0:00,จ๋อม เล็ก,1,12,12
347,หม่อม,1/20/2023 0:00,น้ำแข็ง,1,5,5
351,หม่อม,1/20/2023 0:00,แหนม แท่ง/ก้อน,1,30,30
351,หม่อม,1/20/2023 0:00,ไข่ไก่,5,5,25
351,หม่อม,1/20/2023 0:00,ซอสปรุงฝาเขียว 200ml * 6,1,20,20
351,หม่อม,1/20/2023 0:00,ซอสหอยนางรม 150cc * 4,1,25,25
375,หม่อม,1/21/2023 0:00,m100/m150 150ml * 50,1,12,12
375,หม่อม,1/21/2023 0:00,แฟนต้า เขียว 330ml * 12,1,13,13
375,หม่อม,1/21/2023 0:00,ดัชมิลค์ นมกล่อง * 48,1,10,10
375,หม่อม,1/21/2023 0:00,ไข่ไก่,5,5,25
375,หม่อม,1/21/2023 0:00,ขนมหวาน,2,12,24
568,หม่อม,1/21/2023 0:00,น้ำ ใหญ่ * 6,1,10,10
441,หม่อม,1/23/2023 0:00,m100/m150 150ml * 50,1,12,12
441,หม่อม,1/23/2023 0:00,คาราบาว 150ml * 50,1,10,10
441,หม่อม,1/23/2023 0:00,ไก่เสียบไม้ 40,1,40,40
441,หม่อม,1/23/2023 0:00,กับข้าว 25,2,25,50
467,หม่อม,1/23/2023 0:00,ไข่ไก่,5,5,25
467,หม่อม,1/23/2023 0:00,น้ำแข็ง,1,5,5
467,หม่อม,1/23/2023 0:00,อิชิตัน 280ml * 24,1,10,10
467,หม่อม,1/23/2023 0:00,น้ำมะพร้าว เมจิกฟาร์ม 240ml * 6,1,10,10
514,หม่อม,1/24/2023 0:00,น้ำแข็ง,1,5,5
514,หม่อม,1/24/2023 0:00,m100/m150 150ml * 50,2,12,24
514,หม่อม,1/24/2023 0:00,ขนมจีน,1,12,12
514,หม่อม,1/24/2023 0:00,มาม่า ต้มยำกุ้ง * 40,2,7,14
533,หม่อม,1/24/2023 0:00,น้ำตาลทรายขาว,1,25,25
533,หม่อม,1/24/2023 0:00,กระเทียม,1,10,10
533,หม่อม,1/24/2023 0:00,เกลือ,1,5,5
533,หม่อม,1/24/2023 0:00,น้ำแข็ง,1,5,5
596,หม่อม,1/25/2023 0:00,อิชิตัน 280ml * 24,1,10,10
596,หม่อม,1/25/2023 0:00,น้ำแข็ง,1,5,5
596,หม่อม,1/25/2023 0:00,ไข่ไก่,5,5,25
596,หม่อม,1/25/2023 0:00,m100/m150 150ml * 50,1,12,12
596,หม่อม,1/25/2023 0:00,ดัชมิลค์ นมกล่อง * 48,1,10,10
596,หม่อม,1/25/2023 0:00,ชูรส รสดี 70/75 * 10,1,13,13
596,หม่อม,1/25/2023 0:00,ซอสหอยนางรม 150cc * 4,1,25,25
624,หม่อม,1/25/2023 0:00,หมูนุ่มแช่ฟรีส SPC FZ 1kg,1,125,125
624,หม่อม,1/25/2023 0:00,น้ำจิ้มสุกี้กวางตุ้ง พันท้าย 330g * 6,1,60,60
696,หม่อม,1/26/2023 0:00,น้ำแข็ง,1,5,5
696,หม่อม,1/26/2023 0:00,ไข่ไก่,5,5,25
696,หม่อม,1/26/2023 0:00,แลคตาซอย รสหวาน 300ml * 36,1,11,11
666,หม่อม,1/26/2023 10:11,มาม่าซอง ต้มยำกุ้ง * 40,2,7,14
666,หม่อม,1/26/2023 10:11,กับข้าว 25,2,25,50
666,หม่อม,1/26/2023 10:11,ปลาทูทอด,1,30,30
666,หม่อม,1/26/2023 10:11,ข้าวเหนียว,1,5,5
666,หม่อม,1/26/2023 10:11,m100/m150 150ml * 50,1,12,12
666,หม่อม,1/26/2023 10:11,อิชิตัน 280ml * 24,1,10,10
724,หม่อม,1/27/2023 0:00,น้ำแข็ง,1,5,5
724,หม่อม,1/27/2023 0:00,กับข้าว 25,2,25,50
724,หม่อม,1/27/2023 0:00,ข้าวเหนียวปิ้ง,3,6,18
724,หม่อม,1/27/2023 0:00,แฟนต้า เขียว 330ml * 12,1,13,13
724,หม่อม,1/27/2023 0:00,m100/m150 150ml * 50,1,12,12
724,หม่อม,1/27/2023 0:00,ขนมหวาน,1,12,12
738,หม่อม,1/27/2023 0:00,น้ำปลาร้า,1,30,30
738,หม่อม,1/27/2023 0:00,ชูรส ถ้วยแดง อายิโนะโมโตะ 250g * 20,1,31,31
760,หม่อม,1/27/2023 0:00,ปลาทู,1,35,35
760,หม่อม,1/27/2023 0:00,ไข่ไก่,5,5,25
,หม่อม Total,,,,,2281
62,หริ่ง,1/16/2023 0:00,น้ำผลไม้ D ใหญ่,1,10,10
62,หริ่ง,1/16/2023 0:00,น้ำแข็ง,1,5,5
62,หริ่ง,1/16/2023 0:00,เนสกาแฟซอง 17g * 60,4,5,20
62,หริ่ง,1/16/2023 0:00,บ๊วย * 10,1,15,15
74,หริ่ง,1/17/2023 0:00,ปาท๋องโก๋,1,12,12
74,หริ่ง,1/17/2023 0:00,ไวตามิ้ลค์ vitamilk ขวด 300ml * 24,1,15,15
74,หริ่ง,1/17/2023 0:00,ก๊วยจั๊บ,1,35,35
74,หริ่ง,1/17/2023 0:00,ข้าวเหนียวปิ้ง,2,6,12
114,หริ่ง,1/17/2023 0:00,น้ำผลไม้ D ใหญ่,1,10,10
114,หริ่ง,1/17/2023 0:00,ไวไวซอง * 30,2,7,14
114,หริ่ง,1/17/2023 0:00,ลูกชิ้นไก่ เอ็ม อาร์ 500g,1,68,68
114,หริ่ง,1/17/2023 0:00,น้ำแข็ง,1,5,5
114,หริ่ง,1/17/2023 0:00,ถั่วตัด,2,5,10
171,หริ่ง,1/18/2023 0:00,ปาท๋องโก๋ยัดสังขยา,1,12,12
171,หริ่ง,1/18/2023 0:00,ไวตามิ้ลค์ vitamilk ขวด 300ml * 24,1,15,15
171,หริ่ง,1/18/2023 0:00,ก๊วยจั๊บ,1,35,35
171,หริ่ง,1/18/2023 0:00,ข้าวเหนียวปิ้ง,2,6,12
181,หริ่ง,1/18/2023 0:00,น้ำ ใหญ่ * 6,1,10,10
186,หริ่ง,1/18/2023 0:00,น้ำผลไม้ D ใหญ่,1,10,10
186,หริ่ง,1/18/2023 0:00,แป้งเด็ก johnson 180g * 6 ชมพู,1,29,29
186,หริ่ง,1/18/2023 0:00,ปลากระป๋อง โรซ่า,1,20,20
186,หริ่ง,1/18/2023 0:00,น้ำแข็ง,1,5,5
186,หริ่ง,1/18/2023 0:00,ถั่วตัด,2,5,10
238,หริ่ง,1/19/2023 0:00,ข้าวเหนียว,2,5,10
238,หริ่ง,1/19/2023 0:00,ปาท๋องโก๋ยัดสังขยา,1,12,12
238,หริ่ง,1/19/2023 0:00,กับข้าว 25,1,25,25
238,หริ่ง,1/19/2023 0:00,ไวตามิ้ลค์ vitamilk ขวด 300ml * 24,1,15,15
283,หริ่ง,1/19/2023 0:00,น้ำผลไม้ D ใหญ่,1,10,10
283,หริ่ง,1/19/2023 0:00,น้ำแข็ง,1,5,5
283,หริ่ง,1/19/2023 0:00,ไข่เค็ม,1,8,8
283,หริ่ง,1/19/2023 0:00,ไข่เยี่ยวม้า,1,8,8
283,หริ่ง,1/19/2023 0:00,ถั่วตัด,2,5,10
283,หริ่ง,1/19/2023 0:00,ลูกชิ้นไก่ เอ็ม อาร์ 500g,1,68,68
309,หริ่ง,1/20/2023 0:00,ขนมหวาน,2,12,24
309,หริ่ง,1/20/2023 0:00,ไวตามิ้ลค์ vitamilk ขวด 300ml * 24,1,15,15
309,หริ่ง,1/20/2023 0:00,ก๊วยจั๊บ,1,35,35
361,หริ่ง,1/20/2023 0:00,น้ำมันถั่วเหลือง มรกต 1l * 12,1,68,68
778,หริ่ง,1/20/2023 0:00,น้ำผลไม้ D ใหญ่,1,10,10
778,หริ่ง,1/20/2023 0:00,ปลากระป๋อง 3 แม่ครัว 155g * 10,1,20,20
778,หริ่ง,1/20/2023 0:00,น้ำแข็ง,1,5,5
778,หริ่ง,1/20/2023 0:00,ปาท๋องโก๋,1,12,12
778,หริ่ง,1/20/2023 0:00,ไวไวซอง * 30,2,7,14
778,หริ่ง,1/20/2023 0:00,เนส กาแฟซอง แดง 17g * 60,4,5,20
778,หริ่ง,1/20/2023 0:00,ถั่วตัด,2,5,10
388,หริ่ง,1/21/2023 0:00,น้ำแข็ง,2,5,10
388,หริ่ง,1/21/2023 0:00,ปาท๋องโก๋,1,12,12
388,หริ่ง,1/21/2023 0:00,กระทิงแดง 100ml * 50,1,10,10
388,หริ่ง,1/21/2023 0:00,กระทิงแดง extra abc 145ml * 10,1,10,10
389,หริ่ง,1/21/2023 0:00,ไวตามิ้ลค์ vitamilk ขวด 300ml * 24,1,15,15
389,หริ่ง,1/21/2023 0:00,ขนมหวาน,1,12,12
389,หริ่ง,1/21/2023 0:00,ปลาทูทอด,1,30,30
389,หริ่ง,1/21/2023 0:00,ขนมโรล Fershay Roll รส strawberry * 12 แถม 2,2,5,10
408,หริ่ง,1/21/2023 0:00,ปลากระป๋อง 3 แม่ครัว 155g * 10,1,20,20
408,หริ่ง,1/21/2023 0:00,น้ำผลไม้ D ใหญ่,1,10,10
408,หริ่ง,1/21/2023 0:00,น้ำแข็ง,1,5,5
410,หริ่ง,1/21/2023 0:00,บ๊วย * 10,1,15,15
456,หริ่ง,1/23/2023 0:00,น้ำแข็ง,1,5,5
456,หริ่ง,1/23/2023 0:00,น้ำผลไม้ D ใหญ่,1,10,10
456,หริ่ง,1/23/2023 0:00,ถั่วตัด,6,5,30
490,หริ่ง,1/24/2023 0:00,ข้าวเหนียวปิ้ง,4,6,24
490,หริ่ง,1/24/2023 0:00,ก๊วยจั๊บ,1,35,35
490,หริ่ง,1/24/2023 0:00,ไวตามิ้ลค์ vitamilk ขวด 300ml * 24,1,15,15
542,หริ่ง,1/24/2023 0:00,น้ำผลไม้ D ใหญ่,1,10,10
542,หริ่ง,1/24/2023 0:00,น้ำแข็ง,1,5,5
542,หริ่ง,1/24/2023 0:00,ไข่เค็ม ขาว,1,8,8
542,หริ่ง,1/24/2023 0:00,ไข่ไก่,3,5,15
542,หริ่ง,1/24/2023 0:00,ไข่เยี่ยวม้า ชมพู,1,8,8
688,หริ่ง,1/26/2023 0:00,น้ำแข็ง,1,5,5
688,หริ่ง,1/26/2023 0:00,เนส กาแฟซอง แดง 17g * 60,4,5,20
688,หริ่ง,1/26/2023 0:00,ถั่วตัด,2,5,10
688,หริ่ง,1/26/2023 0:00,น้ำผลไม้ D ใหญ่,1,10,10
688,หริ่ง,1/26/2023 0:00,ข้าวหอมมะลิ พนมรุ้ง 5kg,1,155,155
688,หริ่ง,1/26/2023 0:00,ชูรส ถ้วยแดง อายิโนะโมโตะ 72g * 20,1,10,10
705,หริ่ง,1/26/2023 0:00,ปลากระป๋อง 3 แม่ครัว 155g * 10,1,20,20
665,หริ่ง,1/26/2023 10:10,ข้าวเหนียว,1,5,5
665,หริ่ง,1/26/2023 10:10,ไวตามิ้ลค์ vitamilk ขวด 300ml * 24,1,15,15
665,หริ่ง,1/26/2023 10:10,กับข้าว 25,1,25,25
665,หริ่ง,1/26/2023 10:10,เกี๊ยวกล่องใหญ่,1,35,35
723,หริ่ง,1/27/2023 0:00,ข้าวเหนียว,2,5,10
723,หริ่ง,1/27/2023 0:00,ข้าวเหนียวปิ้ง,3,6,18
723,หริ่ง,1/27/2023 0:00,ลอดช่อง ล,1,12,12
723,หริ่ง,1/27/2023 0:00,ไวตามิ้ลค์ vitamilk ขวด 300ml * 24,1,15,15
723,หริ่ง,1/27/2023 0:00,กับข้าว 25,1,25,25
746,หริ่ง,1/27/2023 0:00,น้ำผลไม้ D ใหญ่,1,10,10
746,หริ่ง,1/27/2023 0:00,น้ำแข็ง,1,5,5
746,หริ่ง,1/27/2023 0:00,ไข่ไก่,3,5,15
746,หริ่ง,1/27/2023 0:00,บ๊วย * 10,1,15,15
746,หริ่ง,1/27/2023 0:00,ปลากระป๋อง 3 แม่ครัว 155g * 10,1,20,20
746,หริ่ง,1/27/2023 0:00,ถั่วตัด,2,5,10
,หริ่ง Total,,,,,1532
80,หลอด,1/17/2023 0:00,กระทิงแดง 100ml * 50,1,10,10
161,หลอด,1/18/2023 0:00,โสม 100ml * 50,1,10,10
176,หลอด,1/18/2023 0:00,น้ำ ใหญ่ * 6,1,10,10
177,หลอด,1/18/2023 0:00,เป๊ปซี่ 300ml * 24,1,13,13
236,หลอด,1/19/2023 0:00,โสม 100ml * 50,1,10,10
261,หลอด,1/19/2023 0:00,ช้าง เบียร์,1,60,60
277,หลอด,1/19/2023 0:00,ช้าง เบียร์,1,60,60
279,หลอด,1/19/2023 0:00,ช้าง เบียร์,1,60,60
365,หลอด,1/21/2023 0:00,เนสกาแฟกระป๋อง โรบัสต้า แดง * 30,1,15,15
398,หลอด,1/21/2023 0:00,เนสกาแฟซอง 17g * 60,2,5,10
398,หลอด,1/21/2023 0:00,แลคตาซอย รสหวาน 300ml * 36,1,11,11
503,หลอด,1/24/2023 0:00,ดัชมิลค์ นมกล่อง * 48,1,10,10
537,หลอด,1/24/2023 0:00,BKP แฟรงค์ไก่รมควันหนังกรอบ 500g,1,85,85
658,หลอด,1/26/2023 9:59,โสม 100ml * 50,1,10,10
658,หลอด,1/26/2023 9:59,ข้าวเหนียวถั่วดำ,1,17,17
,หลอด Total,,,,,391
27,อ็อด,1/14/2023 0:00,น้ำ ใหญ่ * 6,1,10,10
64,อ็อด,1/16/2023 0:00,แลคตาซอย รสหวาน 300ml * 36,1,11,11
64,อ็อด,1/16/2023 0:00,กระเทียม,1,10,10
64,อ็อด,1/16/2023 0:00,หอมแดง,1,10,10
64,อ็อด,1/16/2023 0:00,จ๋อม เล็ก,1,12,12
64,อ็อด,1/16/2023 0:00,กับข้าว 25,1,25,25
64,อ็อด,1/16/2023 0:00,ช้าง เบียร์,2,60,120
105,อ็อด,1/17/2023 0:00,น้ำ ใหญ่ * 6,1,10,10
115,อ็อด,1/17/2023 0:00,ช้าง เบียร์,2,60,120
115,อ็อด,1/17/2023 0:00,แลคตาซอย รสหวาน 300ml * 36,1,11,11
115,อ็อด,1/17/2023 0:00,กับข้าว 25,2,25,50
563,อ็อด,1/17/2023 0:00,เป๊ปซี่ 300ml * 24,1,13,13
563,อ็อด,1/17/2023 0:00,ก๊วยจั๊บ,1,35,35
563,อ็อด,1/17/2023 0:00,ข้าวเหนียว,2,5,10
154,อ็อด,1/18/2023 0:00,เป๊ปซี่ 300ml * 24,1,13,13
154,อ็อด,1/18/2023 0:00,น้ำ ใหญ่ * 6,1,10,10
154,อ็อด,1/18/2023 0:00,m100/m150 150ml * 50,1,12,12
154,อ็อด,1/18/2023 0:00,ข้าวเหนียว,4,5,20
154,อ็อด,1/18/2023 0:00,กับข้าว 25,2,25,50
189,อ็อด,1/18/2023 0:00,กับข้าว 25,1,25,25
191,อ็อด,1/18/2023 0:00,ข้าวแข็ง เบญจรงค์ 5kg,1,115,115
257,อ็อด,1/19/2023 0:00,ช้าง เบียร์,2,60,120
257,อ็อด,1/19/2023 0:00,มาม่า ต้มยำกุ้งน้ำข้น * 40,3,7,21
257,อ็อด,1/19/2023 0:00,ไข่ไก่,5,5,25
331,อ็อด,1/20/2023 0:00,ช้าง เบียร์,2,60,120
331,อ็อด,1/20/2023 0:00,ไข่ไก่,5,5,25
331,อ็อด,1/20/2023 0:00,แลคตาซอย รสหวาน 300ml * 36,1,11,11
378,อ็อด,1/21/2023 0:00,แมส,1,12,12
378,อ็อด,1/21/2023 0:00,ปลาร้า กระปุก,1,12,12
379,อ็อด,1/21/2023 0:00,น้ำ ใหญ่ * 6,1,10,10
391,อ็อด,1/21/2023 0:00,ข้าวคลุกกะปิ,1,35,35
406,อ็อด,1/21/2023 0:00,ช้าง เบียร์,2,60,120
411,อ็อด,1/21/2023 0:00,ไข่ไก่,5,5,25
411,อ็อด,1/21/2023 0:00,แลคตาซอย รสหวาน 300ml * 36,1,11,11
411,อ็อด,1/21/2023 0:00,ปลากระป๋องซีเชฟ * 10,1,20,20
499,อ็อด,1/24/2023 0:00,กับข้าว 25,2,25,50
499,อ็อด,1/24/2023 0:00,ก๊วยจั๊บ,1,35,35
499,อ็อด,1/24/2023 0:00,ข้าวเหนียว,2,5,10
499,อ็อด,1/24/2023 0:00,ข้าว,2,5,10
502,อ็อด,1/24/2023 0:00,ปลาร้า กระปุก,1,12,12
540,อ็อด,1/24/2023 0:00,ช้าง เบียร์,2,60,120
540,อ็อด,1/24/2023 0:00,กับข้าว 25,1,25,25
602,อ็อด,1/25/2023 0:00,เป๊ปซี่ 300ml * 24,1,13,13
602,อ็อด,1/25/2023 0:00,น้ำ ใหญ่ * 6,1,10,10
631,อ็อด,1/25/2023 0:00,มาม่าซอง ต้มยำกุ้ง * 40,3,7,21
631,อ็อด,1/25/2023 0:00,ไข่ไก่,5,5,25
631,อ็อด,1/25/2023 0:00,ช้าง เบียร์,2,60,120
631,อ็อด,1/25/2023 0:00,หอมแดง,1,10,10
692,อ็อด,1/26/2023 0:00,ช้าง เบียร์,2,60,120
692,อ็อด,1/26/2023 0:00,ปลากระป๋อง Aro * 10,1,15,15
692,อ็อด,1/26/2023 0:00,downy 25ml * 24,1,5,5
692,อ็อด,1/26/2023 0:00,แอทเทค อีซี่ 60g 5บ * 12,1,5,5
748,อ็อด,1/27/2023 0:00,ไข่ไก่,5,5,25
748,อ็อด,1/27/2023 0:00,น้ำปลา ทิพรส 700cc * 12,1,35,35
748,อ็อด,1/27/2023 0:00,แลคตาซอย รสหวาน 300ml * 36,1,11,11
748,อ็อด,1/27/2023 0:00,ชูรส ถ้วยแดง อายิโนะโมโตะ 72g * 20,1,10,10
,อ็อด Total,,,,,1748
557,อู๊ด,1/16/2023 0:00,กระเทียม,1,10,10
557,อู๊ด,1/16/2023 0:00,น้ำจิ้มสุกี้กวางตุ้ง พันท้าย 330g * 6,1,60,60
557,อู๊ด,1/16/2023 0:00,ไฟแช็ค ARO,1,8,8
557,อู๊ด,1/16/2023 0:00,เนส กาแฟซอง เขียว 17g * 60,2,5,10
557,อู๊ด,1/16/2023 0:00,หมูนุ่มแช่ฟรีส SPC FZ 1kg,1,125,125
558,อู๊ด,1/16/2023 0:00,ลีโอ leo เบียร์,1,65,65
91,อู๊ด,1/17/2023 0:00,ข้าวเหนียว,4,5,20
91,อู๊ด,1/17/2023 0:00,น้ำแข็ง,1,5,5
91,อู๊ด,1/17/2023 0:00,ปลาดุก,1,40,40
91,อู๊ด,1/17/2023 0:00,หมูปิ้ง,2,25,50
91,อู๊ด,1/17/2023 0:00,กับข้าว 25,1,25,25
91,อู๊ด,1/17/2023 0:00,ไวตามิ้ลค์ vitamilk ขวด 300ml * 24,1,15,15
91,อู๊ด,1/17/2023 0:00,กาแฟกระป๋อง โรบัสต้า เบอร์ดี้ 180ml * 30,1,15,15
91,อู๊ด,1/17/2023 0:00,โสม 100ml * 50,2,10,20
92,อู๊ด,1/17/2023 0:00,ข้าวเหนียวปิ้ง,2,6,12
108,อู๊ด,1/17/2023 0:00,ยาอมกำกิณเกียง,1,45,45
108,อู๊ด,1/17/2023 0:00,ผลไม้ดอง,1,5,5
108,อู๊ด,1/17/2023 0:00,ฟริทซี สตอร์เบอร์รี่ * 12,1,5,5
108,อู๊ด,1/17/2023 0:00,บ๊วย * 10,1,15,15
572,อู๊ด,1/17/2023 0:00,กับข้าว 25,1,25,25
572,อู๊ด,1/17/2023 0:00,ปูอัดสลัด,1,35,35
572,อู๊ด,1/17/2023 0:00,ข้าวเหนียว,2,5,10
572,อู๊ด,1/17/2023 0:00,เนส กาแฟซอง เขียว 17g * 60,2,5,10
167,อู๊ด,1/18/2023 0:00,ไก่เสียบไม้ 35,1,40,40
167,อู๊ด,1/18/2023 0:00,ปลาทูทอด,1,30,30
167,อู๊ด,1/18/2023 0:00,ข้าวเหนียว,4,5,20
167,อู๊ด,1/18/2023 0:00,โสม 100ml * 50,2,10,20
167,อู๊ด,1/18/2023 0:00,ไวตามิ้ลค์ vitamilk ขวด 300ml * 24,1,15,15
167,อู๊ด,1/18/2023 0:00,กาแฟกระป๋อง เบอร์ดี้ burdy เขียว 180ml * 30,1,15,15
167,อู๊ด,1/18/2023 0:00,กับข้าว 25,1,25,25
168,อู๊ด,1/18/2023 0:00,น้ำแข็ง,1,5,5
206,อู๊ด,1/18/2023 0:00,ขนมจีน,2,12,24
206,อู๊ด,1/18/2023 0:00,เนสกาแฟซอง 17g * 60,2,5,10
206,อู๊ด,1/18/2023 0:00,ซาร่า 10เม็ด * 100,1,15,15
231,อู๊ด,1/19/2023 0:00,ปาท๋องโก๋ยัดสังขยา,1,12,12
231,อู๊ด,1/19/2023 0:00,ไก่เสียบไม้ 35,1,40,40
231,อู๊ด,1/19/2023 0:00,กับข้าว 25,1,25,25
231,อู๊ด,1/19/2023 0:00,กาแฟกระป๋อง โรบัสต้า เบอร์ดี้ burdy แดง 180ml * 30,1,15,15
231,อู๊ด,1/19/2023 0:00,ไวตามิ้ลค์ vitamilk double black * 24,1,15,15
231,อู๊ด,1/19/2023 0:00,ข้าวเหนียว,4,5,20
231,อู๊ด,1/19/2023 0:00,กระทิงแดง 100ml * 50,1,10,10
232,อู๊ด,1/19/2023 0:00,ปาท๋องโก๋,1,12,12
255,อู๊ด,1/19/2023 0:00,เนสกาแฟซอง 17g * 60,2,5,10
255,อู๊ด,1/19/2023 0:00,ช้าง เบียร์,1,60,60
255,อู๊ด,1/19/2023 0:00,ข้าวเหนียว,1,5,5
274,อู๊ด,1/19/2023 0:00,ทิชชู่ม้วน,1,5,5
316,อู๊ด,1/20/2023 0:00,ปาท๋องโก๋ยัดสังขยา,1,12,12
316,อู๊ด,1/20/2023 0:00,หมูปิ้ง,2,25,50
316,อู๊ด,1/20/2023 0:00,ข้าวเหนียว,2,5,10
316,อู๊ด,1/20/2023 0:00,กาแฟกระป๋อง เบอร์ดี้ burdy เขียว 180ml * 30,1,15,15
316,อู๊ด,1/20/2023 0:00,โสม 100ml * 50,1,10,10
316,อู๊ด,1/20/2023 0:00,ไวตามิ้ลค์ vitamilk double black * 24,1,15,15
316,อู๊ด,1/20/2023 0:00,น้ำเต้าหู้เครื่อง,1,12,12
376,อู๊ด,1/21/2023 0:00,ไวตามิ้ลค์ vitamilk double black * 24,1,15,15
376,อู๊ด,1/21/2023 0:00,กาแฟกระป๋อง เบอร์ดี้ burdy เขียว 180ml * 30,1,15,15
376,อู๊ด,1/21/2023 0:00,ปาท๋องโก๋,1,12,12
376,อู๊ด,1/21/2023 0:00,ก๊วยจั๊บ,1,35,35
376,อู๊ด,1/21/2023 0:00,ข้าวมันไก่ 35,1,35,35
403,อู๊ด,1/21/2023 0:00,กาแฟกระป๋อง โรบัสต้า เบอร์ดี้ burdy แดง 180ml * 30,1,15,15
403,อู๊ด,1/21/2023 0:00,โสม 100ml * 50,1,10,10
423,อู๊ด,1/21/2023 0:00,บรีสเอกเซล ผง,1,20,20
423,อู๊ด,1/21/2023 0:00,ลีโอ leo เบียร์,1,65,65
423,อู๊ด,1/21/2023 0:00,เนส กาแฟซอง 17g * 60,2,5,10
,อู๊ด Total,,,,,1156
,Grand Total,,,,,40319
